Count,word,Ind
3732,chicken,
1722,salad,1
1684,cheese,1
1648,s,
1495,pork,1
1479,fried,
1338,beef,1
1311,chocolate,1
1272,cream,1
1251,roll,
1192,shrimp,1
1150,rice,1
1095,sauce,1
1013,good,
997,spicy,
960,fries,1
956,salmon,1
921,burger,1
898,cake,1
840,sandwich,1
838,grilled,1
810,delicious,
2,deliciou,
5,na,
5,wan,
785,ice,
766,pizza,1
708,fresh,
694,egg,1
686,bacon,
679,steak,1
627,bread,
613,bowl,
611,sweet,
608,crab,1
603,garlic,
566,w,
560,crispy,
557,breakfast,
554,red,
548,lobster,
548,soup,
539,green,
536,sushi,
531,special,
529,roasted,
529,tacos,
528,toast,
524,hot,
521,fish,
518,butter,
496,tuna,
484,best,
483,menu,
467,potato,
465,eggs,
447,black,
442,food,
441,bbq,
441,strawberry,
428,plate,
425,avocado,
421,french,
414,great,
403,wings,
402,smoked,
388,house,
385,thai,
382,onion,
382,tea,
381,amazing,
381,sausage,
381,tomato,
377,white,
375,belly,
375,pasta,
372,dessert,
369,cookie,
360,t,
358,lunch,
358,meat,
350,duck,
350,rolls,
347,mcdonald,
347,yummy,
346,taco,
344,curry,
341,lamb,
339,coconut,
337,pie,
334,banana,
332,yum,
331,meal,
330,rib,
329,corn,
328,mango,
325,mushroom,
325,new,
322,vanilla,
321,mac,
320,waffle,
310,seafood,
309,chips,
309,noodles,
308,combo,
305,baked,
300,caramel,
298,platter,
289,pancakes,
288,ramen,
287,dinner,
287,style,
286,sashimi,
284,lemon,
282,apple,
282,extra,
281,crepe,
277,n,
277,potatoes,
276,half,
275,ribs,
273,chili,
272,tofu,
271,like,
269,noodle,
268,cheesecake,
268,honey,
267,nachos,
265,love,
264,brunch,
256,instagram,
256,oysters,
254,vegan,
249,soft,
247,served,
239,tempura,
238,burrito,
237,double,
237,matcha,
237,order,
233,truffle,
231,beans,
231,flavor,
228,day,
228,mushrooms,
225,big,
224,de,
220,coffee,
218,veggie,
217,turkey,
216,pad,
216,pepper,
213,almond,
212,onions,
211,waffles,
210,free,
210,spinach,
207,wrap,
206,bean,
206,bone,
206,scallops,
205,brisket,
205,classic,
204,endoedibles,
203,happy,
203,milk,
202,short,
201,sea,
201,time,
201,try,
200,sesame,
199,cinnamon,
199,croissant,
196,topped,
195,cheddar,
195,left,
194,benedict,
194,calamari,
194,value,
192,favorite,
191,italian,
190,right,
188,chip,
186,small,
184,pulled,
182,tasty,
181,appetizer,
181,tomatoes,
179,mozzarella,
179,nutella,
178,filet,
177,bun,
176,hash,
175,box,
175,catering,
175,little,
174,cookies,
174,raspberry,
172,bar,
172,basil,
172,fruit,
172,gras,
171,cheeseburger,
171,peanut,
170,miso,
169,mini,
169,pudding,
169,seared,
168,foie,
168,parmesan,
168,stuffed,
166,deep,
165,blueberry,
165,octopus,
164,homemade,
164,peppers,
164,poke,
163,hummus,
162,dish,
162,super,
161,buttermilk,
160,vegas,
159,pesto,
158,braised,
158,chef,
158,dumplings,
157,don,
157,spring,
156,steamed,
155,com,
155,prime,
155,roast,
154,cut,
154,perfect,
153,brownie,
153,squid,
152,kimchi,
152,orange,
152,salsa,
152,scallop,
151,restaurant,
150,poutine,
149,blue,
149,pan,
148,la,
148,velvet,
147,pancake,
146,brown,
146,eat,
146,items,
145,dog,
145,oil,
145,ribeye,
144,pot,
143,eggplant,
143,katsu,
143,pineapple,
143,tart,
142,nigiri,
142,sugar,
141,dip,
141,large,
141,oz,
140,signature,
139,buffalo,
139,carne,
139,grill,
139,king,
138,salt,
137,uni,
136,donut,
136,mexican,
136,sides,
135,hour,
134,korean,
133,spaghetti,
132,mixed,
131,sprouts,
130,lettuce,
130,sliders,
130,udon,
129,latte,
129,sour,
128,birthday,
128,cauliflower,
128,japanese,
128,lime,
128,wagyu,
127,maple,
126,mussels,
126,tender,
125,chorizo,
125,greek,
125,mousse,
125,pretty,
124,beer,
124,creamy,
123,asparagus,
123,donuts,
123,inside,
123,mayo,
123,pistachio,
122,cold,
122,kitchen,
121,dragon,
121,pumpkin,
121,salted,
121,tiramisu,
120,ahi,
120,buns,
120,carrot,
120,got,
120,hand,
120,interior,
120,strawberries,
119,place,
119,ricotta,
118,size,
118,sticky,
118,tartare,
118,teriyaki,
118,vegetable,
117,cafe,
116,vegetarian,
115,goat,
114,awesome,
114,broccoli,
114,crunch,
114,taste,
113,breast,
113,ve,
113,veggies,
112,better,
112,gelato,
112,kale,
111,dry,
111,meatballs,
111,nice,
111,rosallie,
110,cooked,
110,ham,
110,risotto,
110,serve,
109,aioli,
109,baby,
109,cucumber,
108,cakes,
107,cherry,
107,toasted,
106,pink,
106,scrambled,
105,doughnuts,
105,oreo,
104,desserts,
104,soy,
104,spice,
104,takoyaki,
103,berry,
103,cupcakes,
103,dishes,
103,guacamole,
103,olive,
103,sundae,
102,warm,
101,ginger,
101,marinated,
101,service,
101,traditional,
101,wild,
100,california,
100,fire,
100,juicy,
100,original,
100,pickled,
100,prosciutto,
99,biscuit,
99,complimentary,
99,oyster,
99,wrapped,
98,available,
98,brioche,
98,bulgogi,
98,pepperoni,
97,dark,
97,huge,
97,taro,
96,bruschetta,
96,chile,
96,choice,
96,mediterranean,
96,quesadilla,
96,roast,
96,slaw,
96,vegetables,
95,clams,
95,greens,
95,meatball,
95,shell,
95,snow,
94,chop,
94,course,
94,table,
93,chinese,
93,custard,
93,d,
93,shawarma,
92,chipotle,
92,mashed,
92,mignon,
92,photo,
92,syrup,
92,walnut,
91,bagel,
91,come,
91,way,
90,bit,
90,slice,
90,whipped,
89,al,
89,arugula,
89,balls,
89,beautiful,
89,bites,
89,cupcake,
89,las,
89,mochi,
88,assorted,
88,caesar,
88,home,
88,jerk,
88,poached,
88,rings,
88,sliced,
88,wine,
87,baja,
87,balsamic,
87,board,
87,excellent,
87,famous,
87,filling,
87,glaze,
87,gravy,
87,www,
86,cabbage,
86,seasonal,
86,street,
85,close,
85,medium,
85,skin,
84,caviar,
84,club,
84,cocktail,
84,hazelnut,
83,alfredo,
83,caramelized,
83,dressing,
83,glazed,
83,golden,
83,gyro,
83,le,
83,macaron,
83,ordered,
82,asian,
82,pita,
82,sunday,
81,country,
81,peach,
80,creme,
80,cup,
80,gluten,
80,loaded,
80,look,
80,omelette,
80,pastry,
80,portion,
80,queso,
80,shaved,
80,tasting,
79,b,
79,bento,
79,cajun,
79,cod,
79,gnocchi,
79,mint,
79,pieces,
78,brussels,
78,caprese,
78,ceviche,
78,crust,
78,hamachi,
78,legs,
78,mix,
78,trio,
77,bite,
77,carnitas,
77,cilantro,
77,falafel,
77,gyoza,
77,m,
77,muffin,
77,o,
77,squash,
76,added,
76,bomb,
76,comes,
76,grits,
76,kids,
76,pear,
76,pecan,
76,piece,
76,sampler,
76,skewers,
76,stir,
75,cannoli,
75,doughnut,
75,fry,
75,jam,
75,mi,
75,popcorn,
75,yogurt,
74,mustard,
74,pho,
74,quinoa,
74,rainbow,
73,craftkitchen,
73,monster,
73,sorbet,
73,strip,
72,bao,
72,c,
72,carpaccio,
72,filled,
72,flavors,
72,light,
72,set,
71,browns,
71,loved,
71,philly,
71,ravioli,
71,seaweed,
70,aged,
70,chow,
70,citrus,
70,dozen,
70,pm,
70,toro,
69,daily,
69,dumpling,
69,enjoy,
69,eye,
69,hawaiian,
69,herb,
69,lasagna,
69,tots,
69,vinaigrette,
68,blend,
68,charred,
68,cone,
68,dough,
68,night,
68,shredded,
67,eel,
67,jelly,
67,naan,
67,old,
67,regular,
67,tres,
67,yuzu,
66,cheeses,
66,chopped,
66,combination,
66,con,
66,crisp,
66,e,
66,karaage,
65,appetizers,
65,banh,
65,confit,
65,drink,
65,southwest,
65,tom,
65,ube,
65,york,
64,cobb,
64,grain,
64,marrow,
64,masala,
64,zucchini,
64,pickles,
64,spiced,
64,spread,
64,tail,
64,veal,
64,wasabi,
64,yes,
63,bad,
63,broth,
63,carbonara,
63,chops,
63,crunchy,
63,ground,
63,jalapeno,
63,looks,
63,lots,
63,pollo,
63,ranch,
62,aburi,
62,charcuterie,
62,marinara,
62,rosemary,
62,yellow,
61,bass,
61,beet,
61,cheesy,
61,crusted,
61,deviled,
61,mai,
61,unagi,
60,bananas,
60,benny,
60,buffet,
60,delish,
60,mein,
60,sauces,
59,salty,
59,selection,
59,thing,
58,artisan,
58,berries,
58,bibimbap,
58,burgers,
58,custom,
58,dim,
58,feta,
58,frosting,
58,margherita,
58,omelet,
58,sandwiches,
58,toffee,
58,toppings,
58,x,
57,add,
57,maki,
57,meringue,
57,oh,
57,perfection,
57,pretzel,
57,sum,
57,today,
57,worth,
57,zucchini,
56,artichoke,
56,char,
56,family,
56,lol,
56,prawns,
56,purple,
56,rack,
56,rich,
56,trout,
56,watermelon,
55,churros,
55,entree,
55,fat,
55,ingredients,
55,meats,
55,mores,
55,quarter,
55,recommend,
55,rose,
55,stone,
55,tower,
55,truffles,
55,verde,
54,angus,
54,au,
54,brussel,
54,di,
54,dipping,
54,flatbread,
54,flavorful,
54,leches,
54,oven,
54,premium,
54,rigatoni,
54,snacks,
54,town,
54,yellowtail,
53,burnt,
53,candied,
53,churro,
53,fatty,
53,jack,
53,local,
53,papaya,
53,pig,
53,price,
53,puree,
53,raw,
53,seasoning,
53,shake,
53,sirloin,
53,tossed,
52,garden,
52,island,
52,kobe,
52,olives,
52,organic,
52,party,
52,pastrami,
52,puff,
52,skillet,
52,split,
52,steakhouse,
52,tortilla,
52,y,
51,basket,
51,cornbread,
51,halibut,
51,ig,
51,macarons,
51,people,
51,pounder,
51,seasoned,
51,tikka,
51,wood,
51,world,
50,bolognese,
50,different,
50,goodness,
50,kalbi,
50,oxtail,
50,paella,
50,parsley,
50,peas,
50,scoop,
50,stew,
50,tasted,
50,triple,
49,carrots,
49,melted,
49,nut,
49,perfectly,
49,sauteed,
49,supreme,
48,clam,
48,espresso,
48,fun,
48,rare,
48,rock,
48,tastes,
48,tenderloin,
48,tonkotsu,
48,tray,
47,boy,
47,burrata,
47,edamame,
47,fantastic,
47,fig,
47,heaven,
47,jumbo,
47,lb,
47,market,
47,nuts,
47,ny,
47,ok,
47,puppies,
47,rolled,
47,summer,
47,think,
47,variety,
46,almonds,
46,biscuits,
46,bourbon,
46,build,
46,scone,
46,swiss,
46,week,
46,wonton,
45,dynamite,
45,earl,
45,feast,
45,flat,
45,grey,
45,long,
45,mahi,
45,pao,
45,sage,
45,tandoori,
45,torched,
44,angel,
44,brulee,
44,cali,
44,came,
44,definitely,
44,desert,
44,el,
44,freshly,
44,gold,
44,high,
44,iced,
44,l,
44,lava,
44,macaroni,
44,omakase,
44,open,
44,panini,
44,ponzu,
44,scramble,
44,snapper,
44,surf,
44,tapas,
44,tartar,
43,ball,
43,battered,
43,blt,
43,candy,
43,cranberry,
43,dan,
43,eats,
43,enchiladas,
43,fennel,
43,fudge,
43,healthy,
43,kung,
43,smoothie,
43,stack,
43,thick,
43,vietnamese,
43,water,
42,az,
42,bakery,
42,belgian,
42,coleslaw,
42,ink,
42,kabob,
42,mascarpone,
42,mouth,
42,nom,
42,pressed,
41,cute,
41,dried,
41,drizzle,
41,hard,
41,kebab,
41,minced,
41,quail,
41,quality,
41,siu,
41,slow,
41,thin,
41,topping,
41,vermicelli,
40,blackened,
40,boat,
40,boneless,
40,covered,
40,crawfish,
40,crumble,
40,dipped,
40,drunken,
40,fondue,
40,housemade,
40,juice,
40,layered,
40,loco,
40,mr,
40,oatmeal,
40,pc,
40,roe,
40,sake,
39,beets,
39,bell,
39,bowls,
39,brie,
39,drinks,
39,flan,
39,frozen,
39,lightly,
39,mama,
39,patty,
39,pecans,
39,photography,
39,st,
39,sure,
39,wing,
39,zesty,
38,breaded,
38,check,
38,closeup,
38,forgot,
38,http,
38,ikura,
38,lover,
38,mole,
38,p,
38,pickle,
38,shank,
38,shoyu,
38,skewer,
38,tiger,
38,wraps,
37,ask,
37,chicago,
37,ebi,
37,fajitas,
37,heirloom,
37,herbs,
37,level,
37,marshmallow,
37,melt,
37,pastries,
37,peking,
37,plates,
37,satay,
37,sourdough,
37,sweets,
37,turf,
37,yelp,
36,american,
36,batter,
36,bleu,
36,chirashi,
36,cirque,
36,didn,
36,fruits,
36,morning,
36,romaine,
36,saturday,
36,shrimps,
36,slices,
36,soba,
36,sprinkles,
36,taiyaki,
36,tarts,
36,tataki,
36,tonkatsu,
36,treat,
36,treats,
36,walnuts,
36,wow,
36,year,
35,absolutely,
35,alaskan,
35,albacore,
35,assortment,
35,chowder,
35,crepes,
35,danish,
35,die,
35,eating,
35,foodie,
35,friday,
35,guy,
35,highly,
35,key,
35,lychee,
35,monkey,
35,omg,
35,paneer,
35,pea,
35,peanuts,
35,polenta,
35,pop,
35,portions,
35,relleno,
35,root,
35,seed,
35,sooo,
35,specials,
35,spider,
35,tax,
35,tenders,
35,th,
35,tomahawk,
35,tostada,
35,version,
35,want,
34,buttery,
34,chilli,
34,choose,
34,city,
34,corned,
34,crostini,
34,elote,
34,jus,
34,leche,
34,maine,
34,mocha,
34,paste,
34,plain,
34,pound,
34,protein,
34,salads,
34,serving,
34,view,
34,wedding,
33,atlantic,
33,baguette,
33,banchan,
33,frites,
33,fritter,
33,fruity,
33,giant,
33,grass,
33,guac,
33,hh,
33,layer,
33,lentil,
33,linguini,
33,lotus,
33,passion,
33,picture,
33,plus,
33,po,
33,shortcake,
33,single,
33,smoke,
33,start,
33,stuff,
33,sub,
33,tater,
33,tongue,
33,volcano,
33,weekend,
33,wheat,
32,alla,
32,ayce,
32,boba,
32,brew,
32,crazy,
32,hair,
32,infused,
32,liver,
32,ll,
32,parfait,
32,penne,
32,prawn,
32,provolone,
32,round,
32,scallion,
32,shack,
32,share,
32,southern,
32,specialty,
32,texas,
32,tuesday,
32,yakitori,
31,bisque,
31,butternut,
31,caribbean,
31,chilaquiles,
31,condensed,
31,couldn,
31,cowboy,
31,cured,
31,dusted,
31,fall,
31,fan,
31,huevos,
31,item,
31,leg,
31,moco,
31,modern,
31,need,
31,powdered,
31,radish,
31,real,
31,san,
31,scampi,
31,season,
31,seeds,
31,slider,
31,sriracha,
31,unicorn,
31,urchin,
30,aka,
30,baklava,
30,bubble,
30,champagne,
30,cheesesteak,
30,chive,
30,cotta,
30,curd,
30,fillet,
30,flavour,
30,heart,
30,jasmine,
30,kind,
30,leaves,
30,lemonade,
30,life,
30,live,
30,lovers,
30,meatloaf,
30,nacho,
30,options,
30,phoenix,
30,point,
30,pomegranate,
30,presentation,
30,scoops,
30,scratch,
30,section,
30,spam,
30,sunny,
30,thank,
30,wellington,
29,cheek,
29,chilled,
29,clockwise,
29,compote,
29,farm,
29,fettuccine,
29,friend,
29,harvest,
29,j,
29,kid,
29,mackerel,
29,margarita,
29,mongolian,
29,panna,
29,sicilian,
29,skirt,
29,soi,
29,soon,
29,spanish,
29,spices,
29,sticks,
29,szechuan,
29,thanksgiving,
29,tortillas,
29,veg,
29,won,
28,applewood,
28,apricot,
28,bay,
28,bird,
28,carson,
28,cha,
28,chefs,
28,dream,
28,easter,
28,enchilada,
28,fashioned,
28,fired,
28,gourmet,
28,heat,
28,khao,
28,lavender,
28,mmmm,
28,pick,
28,pizzas,
28,poblano,
28,pomodoro,
28,ready,
28,sized,
28,spot,
28,steam,
28,swirl,
28,torta,
28,travelling,
28,wonderful,
28,yolk,
27,ate,
27,blackberry,
27,boiled,
27,catfish,
27,christmas,
27,cracker,
27,crema,
27,date,
27,dates,
27,dulce,
27,experience,
27,graham,
27,hardy,
27,horseradish,
27,incredible,
27,instead,
27,linguine,
27,milkshake,
27,nance,
27,okra,
27,pretzels,
27,recommended,
27,sandwhich,
27,shishito,
27,shot,
27,simple,
27,texture,
27,wait,
27,winter,
26,amuse,
26,app,
26,bo,
26,cashew,
26,center,
26,chai,
26,cotton,
26,flakes,
26,granola,
26,jambalaya,
26,macaroons,
26,main,
26,pb,
26,plantains,
26,quiche,
26,raisin,
26,refreshing,
26,reuben,
26,savoy,
26,sizzling,
26,soooo,
26,sun,
26,toseeroll,
26,valley,
26,website,
26,wish,
26,wrong,
25,authentic,
25,background,
25,base,
25,bear,
25,cappuccino,
25,charcoal,
25,chilean,
25,crabs,
25,creamed,
25,create,
25,escargot,
25,fave,
25,favourite,
25,finish,
25,fluffy,
25,galbi,
25,gorgonzola,
25,grand,
25,guava,
25,hungry,
25,icing,
25,lemongrass,
25,location,
25,loves,
25,mild,
25,month,
25,okonomiyaki,
25,oreos,
25,outside,
25,patio,
25,pimento,
25,portobello,
25,potstickers,
25,rye,
25,scottsdale,
25,second,
25,spare,
25,stars,
25,strips,
25,sunrise,
25,taiwanese,
25,vodka,
25,wasn,
25,work,
25,yaki,
24,arizona,
24,bang,
24,blanc,
24,border,
24,branzino,
24,broiled,
24,bronze,
24,carolina,
24,chick,
24,chives,
24,cross,
24,crudo,
24,curds,
24,damn,
24,days,
24,deluxe,
24,dill,
24,enjoyed,
24,etc,
24,flour,
24,friends,
24,glass,
24,hazlenut,
24,hong,
24,iberico,
24,kong,
24,let,
24,macaroon,
24,monday,
24,nd,
24,nori,
24,option,
24,pcs,
24,pico,
24,puffs,
24,rum,
24,savory,
24,took,
24,unique,
23,antipasto,
23,arepa,
23,baba,
23,biryani,
23,blanco,
23,boston,
23,decent,
23,deliciousness,
23,dirty,
23,dogs,
23,east,
23,eaten,
23,friendly,
23,going,
23,grape,
23,grapefruit,
23,hk,
23,hojicha,
23,holy,
23,ketchup,
23,know,
23,lox,
23,man,
23,mash,
23,mmm,
23,muffins,
23,opera,
23,outlaw,
23,parm,
23,pic,
23,pokebar,
23,taken,
23,thigh,
23,torte,
23,u,
23,ultimate,
23,valentine,
23,vinegar,
23,wontons,
23,yam,
22,acai,
22,beignets,
22,blueberries,
22,breads,
22,broccolini,
22,called,
22,chashu,
22,delight,
22,doesn,
22,dungeness,
22,english,
22,face,
22,favorites,
22,featured,
22,flight,
22,found,
22,garbanzo,
22,indian,
22,iron,
22,lo,
22,low,
22,mesa,
22,mountain,
22,orders,
22,paleo,
22,pappardelle,
22,pure,
22,road,
22,roti,
22,samosa,
22,schnitzel,
22,seabass,
22,shop,
22,snack,
22,soggy,
22,souffle,
22,station,
22,stick,
22,tonight,
22,toronto,
22,trying,
22,visit,
21,award,
21,bavarian,
21,bland,
21,butterscotch,
21,camarones,
21,celery,
21,chimichanga,
21,chimichurri,
21,clean,
21,cocoa,
21,congee,
21,couscous,
21,crushed,
21,daikon,
21,district,
21,edge,
21,empanada,
21,empanadas,
21,f,
21,fajita,
21,far,
21,follow,
21,fritters,
21,fu,
21,ganache,
21,gow,
21,har,
21,hollandaise,
21,icecream,
21,kama,
21,kha,
21,knots,
21,middle,
21,mom,
21,pancetta,
21,parmigiana,
21,queen,
21,reduction,
21,remember,
21,saffron,
21,sample,
21,shiraz,
21,singapore,
21,staff,
21,tagliatelle,
21,tempe,
21,tried,
21,twist,
21,winning,
20,adobo,
20,animal,
20,apples,
20,arancini,
20,bison,
20,bloody,
20,buttercream,
20,cereal,
20,chestnut,
20,croissants,
20,donburi,
20,duo,
20,enoki,
20,event,
20,feet,
20,florentine,
20,funghi,
20,gallo,
20,gilbert,
20,k,
20,kouign,
20,lean,
20,loaf,
20,loin,
20,looked,
20,makes,
20,making,
20,mary,
20,meals,
20,nuggets,
20,nuong,
20,ocean,
20,ono,
20,overall,
20,pebbles,
20,pictured,
20,pies,
20,plum,
20,rancheros,
20,room,
20,royal,
20,salami,
20,sc,
20,smashed,
20,snap,
20,souvlaki,
20,takeout,
20,thyme,
20,tropical,
20,wok,
20,works,
19,actually,
19,afternoon,
19,amann,
19,bagels,
19,bits,
19,blood,
19,blossom,
19,capers,
19,chocolat,
19,choices,
19,cobbler,
19,cole,
19,croquettes,
19,dairy,
19,display,
19,drizzled,
19,end,
19,enhance,
19,enjoying,
19,fingers,
19,gai,
19,generous,
19,hamburger,
19,hearts,
19,heavy,
19,hibachi,
19,hokkaido,
19,holiday,
19,hours,
19,husband,
19,hush,
19,including,
19,kafta,
19,kim,
19,leaf,
19,lot,
19,marsala,
19,meh,
19,mrpollogrill,
19,pain,
19,palm,
19,park,
19,pasty,
19,popular,
19,praline,
19,prepared,
19,probably,
19,q,
19,r,
19,saba,
19,santa,
19,scones,
19,secret,
19,select,
19,slightly,
19,slut,
19,sooooo,
19,sorry,
19,sprout,
19,stove,
19,tableside,
19,tahini,
19,tamale,
19,tan,
19,tobiko,
19,tons,
19,tzatziki,
19,v,
19,wedge,
18,additional,
18,affogato,
18,age,
18,art,
18,bamboo,
18,bouche,
18,breadsticks,
18,chewy,
18,chunks,
18,ciabatta,
18,claws,
18,cocktails,
18,cronut,
18,crumb,
18,cuban,
18,deal,
18,dining,
18,easy,
18,en,
18,fin,
18,finished,
18,foods,
18,forget,
18,game,
18,handmade,
18,handroll,
18,happiness,
18,looking,
18,macadamia,
18,micro,
18,montreal,
18,naked,
18,okay,
18,outstanding,
18,panang,
18,pine,
18,porchetta,
18,pre,
18,rangoon,
18,rendition,
18,sammy,
18,smoky,
18,solid,
18,star,
18,swordfish,
18,tiny,
18,ton,
18,tripe,
18,went,
18,yumm,
17,amaebi,
17,andy,
17,anniversary,
17,atmosphere,
17,canadian,
17,chutney,
17,coast,
17,coated,
17,coming,
17,cones,
17,crack,
17,cubano,
17,cutlet,
17,delivery,
17,especially,
17,fed,
17,fiesta,
17,fork,
17,foster,
17,gingerbread,
17,gyu,
17,h,
17,habanero,
17,hangover,
17,heavenly,
17,included,
17,interesting,
17,jackfruit,
17,joe,
17,join,
17,kurobuta,
17,late,
17,lovely,
17,lump,
17,marshmallows,
17,moist,
17,non,
17,opening,
17,oriental,
17,oshizushi,
17,pack,
17,person,
17,petite,
17,places,
17,powder,
17,preserved,
17,pull,
17,rabbit,
17,ring,
17,rocky,
17,romano,
17,rub,
17,said,
17,scallions,
17,shiitake,
17,shumai,
17,smash,
17,smores,
17,south,
17,supermarket,
17,tarte,
17,things,
17,use,
17,wednesday,
17,whiskey,
17,yeah,
17,young,
16,average,
16,barbecue,
16,bed,
16,bonita,
16,calzone,
16,campfire,
16,cavatelli,
16,cesar,
16,cherries,
16,china,
16,collard,
16,cool,
16,crackers,
16,crisps,
16,cuisine,
16,cumin,
16,cups,
16,daddy,
16,dr,
16,du,
16,durian,
16,find,
16,fluff,
16,focaccia,
16,fresco,
16,frittata,
16,fuji,
16,galore,
16,girl,
16,halo,
16,handcrafted,
16,having,
16,hit,
16,https,
16,jalapenos,
16,japan,
16,jerky,
16,kiwi,
16,lavash,
16,layers,
16,limited,
16,louis,
16,masago,
16,maybe,
16,melon,
16,mill,
16,miss,
16,nt,
16,ohio,
16,optional,
16,pair,
16,paired,
16,pearl,
16,peppercorn,
16,photos,
16,pistachios,
16,plenty,
16,relish,
16,shabu,
16,shallots,
16,shoulder,
16,strong,
16,summerlicious,
16,tai,
16,tendon,
16,thumbprint,
16,tokyo,
16,winterlicious,
15,barbacoa,
15,based,
15,butcher,
15,calories,
15,cardamom,
15,cave,
15,chickpea,
15,consistency,
15,cook,
15,craft,
15,creation,
15,croque,
15,cucina,
15,customer,
15,da,
15,dijon,
15,endive,
15,ew,
15,extremely,
15,fancy,
15,fav,
15,frosted,
15,gooey,
15,gouda,
15,hakka,
15,head,
15,hen,
15,kabobs,
15,kick,
15,longhorn,
15,magic,
15,mind,
15,molten,
15,moo,
15,musubi,
15,orchids,
15,pass,
15,patties,
15,pecorino,
15,peppermint,
15,porterhouse,
15,portuguese,
15,ragu,
15,rotisserie,
15,scottish,
15,shakshuka,
15,shanghai,
15,shio,
15,skip,
15,soo,
15,stromboli,
15,sukiyaki,
15,ta,
15,tamago,
15,tamarind,
15,taquitos,
15,tarragon,
15,thought,
15,tip,
15,tri,
15,TRUE,
15,tuscan,
15,veranda,
15,vetri,
15,west,
15,yakisoba,
14,ass,
14,avo,
14,bag,
14,basmati,
14,burritos,
14,carbon,
14,celebrate,
14,charge,
14,coco,
14,courtesy,
14,creams,
14,crumbs,
14,cucumbers,
14,cuts,
14,everyday,
14,fast,
14,feel,
14,fetoosh,
14,flank,
14,furikake,
14,g,
14,general,
14,german,
14,getting,
14,gochujang,
14,goodies,
14,gumbo,
14,gyros,
14,hell,
14,holes,
14,horchata,
14,hotpot,
14,hudson,
14,irish,
14,jean,
14,ka,
14,killer,
14,kimchee,
14,kiss,
14,leek,
14,mao,
14,march,
14,mt,
14,nv,
14,oregano,
14,plant,
14,pocky,
14,rd,
14,saag,
14,scotch,
14,shells,
14,simply,
14,snickerdoodle,
14,son,
14,standard,
14,streusel,
14,string,
14,stuffing,
14,sunset,
14,surprise,
14,sweetness,
14,tangy,
14,thali,
14,thanks,
14,tilapia,
14,times,
14,whip,
14,yummmm,
14,zen,
13,agedashi,
13,aji,
13,alaska,
13,ale,
13,amigos,
13,apart,
13,australian,
13,away,
13,bae,
13,bardot,
13,barley,
13,beautifully,
13,berkshire,
13,bigger,
13,bingsu,
13,bitter,
13,boar,
13,brittle,
13,brownies,
13,buttered,
13,cap,
13,cart,
13,chantilly,
13,chickpeas,
13,choy,
13,cleveland,
13,cob,
13,complementary,
13,crabmeat,
13,cruffin,
13,decor,
13,decorated,
13,delivered,
13,denver,
13,dolci,
13,elvis,
13,exotic,
13,fair,
13,fanny,
13,festival,
13,fingerling,
13,flavours,
13,fog,
13,gift,
13,grab,
13,gruyere,
13,hands,
13,hog,
13,horrible,
13,ika,
13,impossible,
13,jellyfish,
13,lady,
13,larb,
13,lentils,
13,lollipop,
13,lollipops,
13,london,
13,longhorns,
13,lumpia,
13,manchurian,
13,mare,
13,mud,
13,nam,
13,natural,
13,osetra,
13,osso,
13,pacific,
13,peel,
13,piggy,
13,power,
13,punch,
13,raisins,
13,range,
13,ratatouille,
13,reggiano,
13,restaurants,
13,review,
13,sat,
13,says,
13,server,
13,shallot,
13,shish,
13,shu,
13,similar,
13,sisig,
13,smith,
13,soaked,
13,starter,
13,steaks,
13,takes,
13,tako,
13,tapioca,
13,tequila,
13,thumbs,
13,thursday,
13,tips,
13,togarashi,
13,turkish,
13,turnip,
13,turtle,
13,waiting,
13,wet,
13,wife,
13,wolf,
12,angry,
12,bahn,
12,beat,
12,bi,
12,bingsoo,
12,block,
12,bon,
12,boys,
12,breading,
12,bream,
12,brewery,
12,buckwheat,
12,certified,
12,challah,
12,chi,
12,choco,
12,choux,
12,cider,
12,colorado,
12,cooking,
12,coriander,
12,croutons,
12,culturegrub,
12,diablo,
12,dressed,
12,et,
12,featuring,
12,fiery,
12,finger,
12,flaky,
12,float,
12,fluke,
12,fong,
12,forest,
12,fort,
12,frutti,
12,galette,
12,gastrique,
12,group,
12,halloween,
12,hawaii,
12,hidden,
12,hint,
12,hue,
12,includes,
12,inspired,
12,jamaican,
12,korma,
12,lechon,
12,literally,
12,loving,
12,ma,
12,manchego,
12,marinade,
12,marmalade,
12,melts,
12,mignonette,
12,mimosa,
12,misto,
12,mode,
12,moon,
12,mooyah,
12,mouse,
12,mussel,
12,needed,
12,north,
12,ontario,
12,oscar,
12,oshi,
12,packed,
12,paradise,
12,parma,
12,pate,
12,phenomenal,
12,piccoli,
12,piri,
12,pittsburgh,
12,prefer,
12,reese,
12,request,
12,rhubarb,
12,rocks,
12,royale,
12,salsas,
12,sand,
12,sausages,
12,seasonings,
12,slush,
12,smokey,
12,soda,
12,starters,
12,sundried,
12,sunshine,
12,surprisingly,
12,taking,
12,tamales,
12,tapenade,
12,tell,
12,terrine,
12,tipsy,
12,tomatillo,
12,totally,
12,tough,
12,twice,
12,university,
12,unlimited,
12,usda,
12,wan,
12,ways,
12,za,
11,andouille,
11,antipasti,
11,artichokes,
11,autumn,
11,aux,
11,bap,
11,beers,
11,bistro,
11,blended,
11,bok,
11,bonito,
11,breasts,
11,brought,
11,catch,
11,chaat,
11,change,
11,cheeks,
11,chix,
11,chu,
11,coke,
11,cow,
11,cracked,
11,crafthaus,
11,created,
11,decadent,
11,diced,
11,drop,
11,ea,
11,entrees,
11,escargots,
11,fe,
11,finest,
11,fit,
11,flourless,
11,flowers,
11,fritti,
11,granny,
11,grated,
11,guests,
11,hainan,
11,hill,
11,jerry,
11,jicama,
11,jowl,
11,jr,
11,kalua,
11,kee,
11,kinds,
11,lake,
11,lattes,
11,leftovers,
11,lucky,
11,madness,
11,marcona,
11,martini,
11,maryland,
11,mean,
11,meaty,
11,meet,
11,mentaiko,
11,mess,
11,mexico,
11,miku,
11,mille,
11,mmmmm,
11,mott,
11,napoleon,
11,nicely,
11,offer,
11,oily,
11,oolong,
11,passionfruit,
11,patatas,
11,peridot,
11,poppers,
11,poppy,
11,pops,
11,porcini,
11,port,
11,pour,
11,presented,
11,preserves,
11,private,
11,quesadillas,
11,sangria,
11,scrumptious,
11,sharing,
11,shiso,
11,shortbread,
11,smile,
11,social,
11,sponge,
11,sprinkled,
11,square,
11,stickers,
11,tails,
11,thit,
11,till,
11,twisted,
11,video,
11,win,
11,wouldn,
11,xiao,
11,yard,
11,yummm,
10,absolute,
10,agnolotti,
10,ai,
10,alcohol,
10,aloo,
10,anago,
10,april,
10,avacado,
10,bee,
10,bim,
10,bliss,
10,boss,
10,bouchon,
10,bravas,
10,bring,
10,bucatini,
10,captain,
10,carved,
10,casa,
10,celebrating,
10,charlotte,
10,chiles,
10,cioppino,
10,class,
10,claw,
10,complete,
10,creole,
10,cristo,
10,daifuku,
10,dashi,
10,del,
10,deli,
10,devil,
10,divine,
10,dosa,
10,dust,
10,ear,
10,expected,
10,expensive,
10,fabulous,
10,features,
10,flash,
10,garnish,
10,gave,
10,georges,
10,gf,
10,greasy,
10,harissa,
10,hazelnuts,
10,hiding,
10,hoisin,
10,hubby,
10,hushpuppies,
10,intestine,
10,isn,
10,ja,
10,japchae,
10,jidori,
10,joy,
10,july,
10,kabab,
10,langoustine,
10,legit,
10,lisa,
10,machaca,
10,madame,
10,malt,
10,mapo,
10,marbled,
10,massive,
10,mayonnaise,
10,messy,
10,minus,
10,minutes,
10,mmmmmm,
10,moroccan,
10,nashville,
10,nest,
10,oat,
10,offers,
10,owner,
10,pakora,
10,parmigiano,
10,personal,
10,plantain,
10,plating,
10,pok,
10,post,
10,pub,
10,remoulade,
10,reservations,
10,riblets,
10,save,
10,seasons,
10,selections,
10,seriously,
10,serrano,
10,shave,
10,sin,
10,smokehouse,
10,smoothies,
10,sorrento,
10,sprinkle,
10,stacked,
10,stewed,
10,stracciatella,
10,strings,
10,subs,
10,sundays,
10,supposed,
10,thighs,
10,tortellini,
10,tostones,
10,truffled,
10,truly,
10,turnover,
10,typical,
10,umami,
10,venison,
10,vin,
10,western,
10,wicked,
10,xo,
10,years,
9,adobada,
9,amaretto,
9,ancho,
9,apps,
9,atar,
9,attack,
9,balance,
9,batch,
9,beach,
9,believe,
9,beluga,
9,beurre,
9,blowing,
9,bluefin,
9,boil,
9,bones,
9,bossam,
9,brined,
9,brooklyn,
9,budino,
9,buta,
9,butterfish,
9,buy,
9,canada,
9,canard,
9,casserole,
9,chandler,
9,chee,
9,chia,
9,clay,
9,cleaver,
9,code,
9,colada,
9,collection,
9,color,
9,comfort,
9,company,
9,compressed,
9,cotija,
9,curried,
9,customers,
9,daughter,
9,death,
9,delmonico,
9,demi,
9,detail,
9,diet,
9,disappointed,
9,dolsot,
9,downtown,
9,dutch,
9,ends,
9,excited,
9,eyes,
9,farmhouse,
9,fine,
9,firecracker,
9,flautas,
9,flavored,
9,fleur,
9,foam,
9,fontina,
9,frappe,
9,fresca,
9,gangnam,
9,gin,
9,god,
9,goods,
9,gordon,
9,grandma,
9,gratin,
9,gremolata,
9,grilling,
9,guys,
9,haha,
9,hakkasan,
9,halloumi,
9,hat,
9,hei,
9,hello,
9,herringbone,
9,insides,
9,jar,
9,jerusalem,
9,job,
9,jones,
9,kamayan,
9,kumamoto,
9,labneh,
9,laksa,
9,liking,
9,line,
9,linzer,
9,lomo,
9,macchiato,
9,mad,
9,madison,
9,marzano,
9,masso,
9,medley,
9,metro,
9,missing,
9,miyachi,
9,money,
9,mont,
9,monte,
9,munch,
9,na,
9,napa,
9,negi,
9,nova,
9,osteria,
9,ox,
9,panko,
9,papa,
9,pastas,
9,peaches,
9,peruvian,
9,petit,
9,pierogi,
9,pierogies,
9,pleasure,
9,poppyseed,
9,prices,
9,prickly,
9,prix,
9,puri,
9,quick,
9,radishes,
9,raised,
9,rapini,
9,raspberries,
9,rated,
9,recipe,
9,refried,
9,rest,
9,roma,
9,rooster,
9,run,
9,russian,
9,sago,
9,sando,
9,sapiens,
9,school,
9,sexy,
9,shavings,
9,sherry,
9,shots,
9,shown,
9,sichuan,
9,skins,
9,slab,
9,snail,
9,sol,
9,soul,
9,sounds,
9,sparrow,
9,starting,
9,straight,
9,straws,
9,striploin,
9,tangtangtang,
9,tartine,
9,terrible,
9,tibs,
9,tostadas,
9,total,
9,tso,
9,varieties,
9,vine,
9,vs,
9,watercress,
9,winner,
9,wisconsin,
9,woody,
9,yardbird,
9,yuca,
9,zest,
8,ace,
8,aftermath,
8,ajo,
8,americana,
8,anchovy,
8,arepas,
8,array,
8,avocados,
8,bake,
8,barely,
8,bark,
8,basically,
8,berea,
8,bob,
8,boozy,
8,bottle,
8,bought,
8,boyfriend,
8,brandy,
8,brass,
8,buck,
8,buco,
8,bulgarelli,
8,burned,
8,busy,
8,butt,
8,caper,
8,carb,
8,carmel,
8,carmelized,
8,carte,
8,case,
8,cashews,
8,cedar,
8,celebration,
8,challenge,
8,cheap,
8,chicharron,
8,chiffon,
8,choc,
8,chuck,
8,cipriani,
8,confetti,
8,cottage,
8,crodough,
8,crouton,
8,crumbles,
8,crumbly,
8,cure,
8,deborah,
8,deconstructed,
8,delicate,
8,dense,
8,diamond,
8,diavolo,
8,disappoint,
8,disappointing,
8,diver,
8,dollar,
8,dwayne,
8,ears,
8,edges,
8,edible,
8,eggrolls,
8,eh,
8,elbow,
8,entire,
8,eve,
8,events,
8,extreme,
8,fattoush,
8,fava,
8,feeds,
8,fettucine,
8,flaming,
8,flavorless,
8,flavoured,
8,flounder,
8,fois,
8,fondant,
8,foot,
8,forbidden,
8,fortmill,
8,fra,
8,freaking,
8,fundido,
8,fusion,
8,gallery,
8,garbage,
8,gaucho,
8,gelati,
8,gelee,
8,gets,
8,ghanoush,
8,girls,
8,gobi,
8,gone,
8,gorgeous,
8,grana,
8,grapes,
8,grille,
8,haddock,
8,hashbrowns,
8,haus,
8,hi,
8,hoagie,
8,hotate,
8,italiano,
8,jackpot,
8,jersey,
8,john,
8,joke,
8,juices,
8,june,
8,kai,
8,kalamata,
8,kao,
8,karage,
8,kare,
8,kfc,
8,kimbap,
8,knife,
8,kusshi,
8,ladies,
8,lee,
8,lengua,
8,lil,
8,lulu,
8,magazine,
8,mars,
8,mcclure,
8,med,
8,mentai,
8,mignardises,
8,milano,
8,mofongo,
8,mojito,
8,momo,
8,monkfish,
8,mortadella,
8,neapolitan,
8,near,
8,neighborhood,
8,northern,
8,norwegian,
8,nutty,
8,oanh,
8,offered,
8,ounce,
8,pandan,
8,pearls,
8,perch,
8,pictures,
8,pigs,
8,pina,
8,pinto,
8,piquillo,
8,pit,
8,poki,
8,poomoji,
8,prow,
8,puffed,
8,pulpo,
8,raku,
8,reason,
8,ribbon,
8,rueben,
8,saint,
8,saltado,
8,samples,
8,scotia,
8,shang,
8,shellfish,
8,sign,
8,singaporean,
8,sink,
8,sister,
8,skinny,
8,smooth,
8,sorbetto,
8,soya,
8,spanakopita,
8,spoon,
8,state,
8,steakburger,
8,stop,
8,streets,
8,substitute,
8,succulent,
8,supergreen,
8,tad,
8,tartufo,
8,thefooddudeclt,
8,tinga,
8,tony,
8,tot,
8,treasure,
8,tsukune,
8,unbelievable,
8,unfortunately,
8,vada,
8,venetian,
8,vindaloo,
8,waitress,
8,wanted,
8,watch,
8,westside,
8,word,
8,yams,
8,yang,
8,yay,
8,yeast,
8,yo,
8,ziti,
7,actual,
7,adding,
7,alright,
7,area,
7,aren,
7,arroz,
7,asado,
7,asked,
7,august,
7,awesomeness,
7,ballantyne,
7,bangers,
7,banquet,
7,bday,
7,beast,
7,bella,
7,bellagio,
7,bhaji,
7,billy,
7,blondie,
7,bol,
7,bolder,
7,brasil,
7,brewed,
7,bridge,
7,bright,
7,bringing,
7,broken,
7,bucco,
7,bucket,
7,buratta,
7,butterfinger,
7,butterfly,
7,cactus,
7,calabrian,
7,card,
7,carving,
7,casino,
7,character,
7,charbroiled,
7,cheesetart,
7,choi,
7,chunk,
7,collar,
7,colossal,
7,condiments,
7,connecticut,
7,coulis,
7,couple,
7,cranberries,
7,creamsicle,
7,credit,
7,creek,
7,crime,
7,croquette,
7,cruller,
7,customized,
7,cyan,
7,dagu,
7,daniel,
7,decide,
7,delightful,
7,dine,
7,dips,
7,dolmades,
7,draft,
7,dum,
7,early,
7,elite,
7,em,
7,emulsion,
7,energy,
7,euro,
7,exceptionally,
7,expertly,
7,fairfax,
7,farms,
7,farro,
7,fatnam,
7,fb,
7,feature,
7,fixe,
7,fixings,
7,flame,
7,flo,
7,flock,
7,flower,
7,fraiche,
7,fresno,
7,frisee,
7,fritto,
7,frog,
7,fungus,
7,funnel,
7,gateau,
7,gem,
7,gra,
7,gross,
7,grouper,
7,guanciale,
7,gyudon,
7,hanger,
7,haupia,
7,haven,
7,heads,
7,herbal,
7,hibiscus,
7,hickory,
7,ho,
7,hokkien,
7,hold,
7,hole,
7,honeycomb,
7,idea,
7,imitation,
7,india,
7,ipa,
7,jamon,
7,jour,
7,kaffir,
7,keg,
7,kinda,
7,lbs,
7,leave,
7,legend,
7,liked,
7,lv,
7,malaysian,
7,mar,
7,marble,
7,masa,
7,master,
7,mee,
7,menudo,
7,mississauga,
7,mochiko,
7,molcajete,
7,mon,
7,monk,
7,morels,
7,mother,
7,mule,
7,nabeyaki,
7,named,
7,national,
7,nonna,
7,note,
7,oats,
7,october,
7,omlette,
7,overcooked,
7,overload,
7,page,
7,paper,
7,pebble,
7,picante,
7,pics,
7,pinot,
7,platters,
7,poivre,
7,polpette,
7,pomme,
7,porridge,
7,ppl,
7,priced,
7,prik,
7,profiteroles,
7,ragout,
7,ranchero,
7,ratio,
7,razor,
7,received,
7,rising,
7,rubbed,
7,sad,
7,safe,
7,sakura,
7,salade,
7,salsify,
7,samoa,
7,sauerkraut,
7,sel,
7,semi,
7,semifreddo,
7,shaped,
7,shit,
7,shiu,
7,shoot,
7,shower,
7,skate,
7,smaller,
7,smothered,
7,soooooo,
7,soups,
7,southwestern,
7,spectacular,
7,spumoni,
7,ssam,
7,stale,
7,staple,
7,stock,
7,stomach,
7,stout,
7,supremo,
7,tang,
7,tangerine,
7,thousand,
7,togo,
7,tomate,
7,tomorrow,
7,tooth,
7,torchon,
7,tree,
7,tsujiri,
7,tune,
7,twin,
7,type,
7,unbelievably,
7,unreal,
7,upside,
7,urban,
7,usual,
7,usually,
7,virgin,
7,wafer,
7,waiter,
7,wall,
7,warmed,
7,watching,
7,watering,
7,wedges,
7,wednesdays,
7,weekly,
7,weird,
7,welcome,
7,wit,
7,words,
7,ya,
7,yammy,
7,yt,
7,yukon,
6,abalone,
6,able,
6,addition,
6,adult,
6,advertised,
6,alligator,
6,ama,
6,amazingly,
6,ambiance,
6,ancient,
6,apparently,
6,approved,
6,asiago,
6,basa,
6,bc,
6,beats,
6,bf,
6,bianca,
6,bibim,
6,billionaire,
6,birds,
6,blackberries,
6,blackening,
6,bobbie,
6,boeuf,
6,bombay,
6,bordelaise,
6,born,
6,bottomless,
6,bouillabaisse,
6,boxes,
6,brazilian,
6,brick,
6,brisk,
6,bulgarian,
6,bundt,
6,burro,
6,cad,
6,camaron,
6,cane,
6,canele,
6,cannolis,
6,cantonese,
6,cape,
6,care,
6,carl,
6,cause,
6,channa,
6,chat,
6,cheers,
6,chill,
6,chocolates,
6,ck,
6,clear,
6,cluck,
6,co,
6,coca,
6,cochinita,
6,cola,
6,colorful,
6,comb,
6,combos,
6,comte,
6,coq,
6,cordon,
6,corner,
6,cous,
6,crabcake,
6,crafted,
6,croquetas,
6,croute,
6,cuon,
6,customize,
6,dallas,
6,dawg,
6,deceiving,
6,delectable,
6,des,
6,dinners,
6,donkatsu,
6,dos,
6,dreams,
6,drive,
6,earth,
6,easily,
6,eclair,
6,elk,
6,epic,
6,est,
6,european,
6,evening,
6,eyed,
6,fairly,
6,falling,
6,fam,
6,figs,
6,filipino,
6,fill,
6,fior,
6,fix,
6,fogo,
6,football,
6,foreground,
6,form,
6,formaggi,
6,fortune,
6,frank,
6,fri,
6,fromage,
6,ftw,
6,gambas,
6,ganoush,
6,gio,
6,glace,
6,godzilla,
6,goo,
6,goodwich,
6,gotten,
6,granite,
6,guinness,
6,hainanese,
6,halwa,
6,havana,
6,health,
6,hearth,
6,hells,
6,help,
6,hexx,
6,highlight,
6,hop,
6,hotdog,
6,ichigo,
6,image,
6,imo,
6,imperial,
6,impressed,
6,impressive,
6,incredibly,
6,ingredient,
6,intense,
6,introducing,
6,ish,
6,jade,
6,japango,
6,johnny,
6,kabocha,
6,kakuni,
6,kara,
6,karahi,
6,karashi,
6,kashmir,
6,kawali,
6,kettle,
6,kho,
6,kinoko,
6,kitsune,
6,kofta,
6,laffa,
6,lait,
6,lao,
6,lap,
6,lidet,
6,link,
6,links,
6,lion,
6,lobsters,
6,located,
6,log,
6,longanisa,
6,luck,
6,luv,
6,lyonnaise,
6,malai,
6,mandarin,
6,mandu,
6,margaritas,
6,match,
6,maw,
6,means,
6,melting,
6,mexi,
6,michael,
6,milky,
6,mimosas,
6,min,
6,months,
6,muenster,
6,multigrain,
6,nan,
6,nasty,
6,nasu,
6,naturespurpose,
6,niku,
6,npdelivered,
6,nugget,
6,number,
6,offering,
6,online,
6,orleans,
6,osaka,
6,pak,
6,parmigiania,
6,passed,
6,patisseriemanon,
6,pav,
6,peameal,
6,peeled,
6,pepe,
6,pepitas,
6,peppered,
6,perilla,
6,persian,
6,personally,
6,pescado,
6,piled,
6,pineapples,
6,pinkbox,
6,pitas,
6,plastic,
6,points,
6,pommes,
6,popice,
6,popper,
6,popping,
6,porter,
6,possibly,
6,preferred,
6,prep,
6,pride,
6,priest,
6,princess,
6,prior,
6,proscuitto,
6,proteins,
6,proud,
6,punjabi,
6,que,
6,rabe,
6,rating,
6,rebel,
6,reduced,
6,rellenos,
6,retail,
6,rinds,
6,romesco,
6,ropa,
6,rush,
6,salata,
6,salsiccia,
6,sam,
6,sammie,
6,samosas,
6,savoury,
6,screaming,
6,seekh,
6,seen,
6,sellers,
6,sen,
6,sensation,
6,serves,
6,setting,
6,shakes,
6,shitake,
6,shoestring,
6,shroom,
6,silver,
6,simmered,
6,sky,
6,slight,
6,sloppy,
6,smell,
6,smorgasbord,
6,snickers,
6,softshell,
6,sonoran,
6,speck,
6,spiked,
6,spiral,
6,sports,
6,stallion,
6,strozzapreti,
6,substituted,
6,subtle,
6,sui,
6,sunomono,
6,swedish,
6,sweetbreads,
6,tango,
6,taters,
6,team,
6,tho,
6,told,
6,tortelloni,
6,touch,
6,trash,
6,trevi,
6,trifecta,
6,trouble,
6,tuesdays,
6,turbot,
6,twinkie,
6,types,
6,veganbites,
6,vege,
6,vermont,
6,wahoo,
6,wakame,
6,wash,
6,whites,
6,whiz,
6,whopper,
6,woods,
6,workers,
6,xl,
6,xxx,
6,zealand,
5,action,
5,addicting,
5,addictive,
5,adorable,
5,airy,
5,ala,
5,alba,
5,alberta,
5,americano,
5,angara,
5,anglaise,
5,appetite,
5,atl,
5,atomic,
5,atop,
5,awful,
5,bailey,
5,baker,
5,baking,
5,banyuls,
5,barbara,
5,basic,
5,bearnaise,
5,bechamel,
5,belgium,
5,bianco,
5,bibb,
5,bibimbop,
5,birria,
5,biscotti,
5,bizness,
5,blistered,
5,boi,
5,boursin,
5,brine,
5,bucks,
5,bud,
5,buds,
5,bufala,
5,bunch,
5,burning,
5,business,
5,cabernet,
5,caesars,
5,caffe,
5,cairo,
5,campanelle,
5,cannelloni,
5,capellini,
5,carnivore,
5,cassis,
5,caterpillar,
5,cents,
5,chance,
5,changed,
5,chardonnay,
5,checking,
5,cheeseburgers,
5,cheeto,
5,chicks,
5,chilis,
5,chose,
5,chris,
5,chunky,
5,ciao,
5,circus,
5,closer,
5,cloud,
5,collards,
5,combined,
5,compared,
5,completely,
5,compliment,
5,conch,
5,coney,
5,cornflake,
5,cost,
5,courses,
5,crafts,
5,craving,
5,crouching,
5,crumbled,
5,crusty,
5,culinary,
5,currant,
5,cutest,
5,cutting,
5,dad,
5,dazs,
5,december,
5,decorating,
5,def,
5,dente,
5,design,
5,devoured,
5,diabla,
5,diane,
5,difficult,
5,dimsum,
5,dollars,
5,doner,
5,doug,
5,drool,
5,dude,
5,eastern,
5,eater,
5,emerald,
5,endless,
5,england,
5,ensalada,
5,environment,
5,executive,
5,explosion,
5,express,
5,faced,
5,fatburger,
5,fell,
5,fettuccini,
5,feuille,
5,fields,
5,finally,
5,firefly,
5,flights,
5,fly,
5,followed,
5,foo,
5,foodies,
5,fragrant,
5,freddy,
5,freeze,
5,fridays,
5,frito,
5,ft,
5,fully,
5,ga,
5,gabi,
5,gajar,
5,glutinous,
5,gnudi,
5,goddess,
5,gomen,
5,goreng,
5,grains,
5,grande,
5,graytonroadtavern,
5,greatest,
5,griddle,
5,griddled,
5,griglia,
5,grown,
5,guest,
5,guksu,
5,gummy,
5,haagen,
5,hall,
5,hamburgers,
5,hang,
5,havarti,
5,hay,
5,hazel,
5,healthier,
5,heavily,
5,heritage,
5,himalayan,
5,hirame,
5,hits,
5,holeemoley,
5,hotel,
5,hu,
5,huckleberries,
5,iceberg,
5,include,
5,info,
5,invented,
5,izakaya,
5,jamun,
5,jan,
5,january,
5,ji,
5,johnson,
5,jonah,
5,jungle,
5,justice,
5,kahlua,
5,kaki,
5,kamikaze,
5,kampachi,
5,kbbq,
5,kebabs,
5,keeps,
5,kielbasa,
5,kit,
5,knew,
5,knights,
5,known,
5,kona,
5,krispie,
5,krispy,
5,lan,
5,lasvegas,
5,later,
5,lazy,
5,leeks,
5,liege,
5,lightcafecanada,
5,limone,
5,liquid,
5,locals,
5,locations,
5,lola,
5,lomi,
5,longer,
5,lorrie,
5,lounge,
5,lower,
5,lucy,
5,magret,
5,maguro,
5,mains,
5,mangoes,
5,mariabonitanc,
5,mariscos,
5,markham,
5,marscapone,
5,mason,
5,massaman,
5,matter,
5,max,
5,mediocre,
5,meets,
5,mer,
5,mesquite,
5,minestrone,
5,minimum,
5,minute,
5,mixing,
5,miyagi,
5,mm,
5,mmmmmmm,
5,mock,
5,mojo,
5,molasses,
5,momma,
5,momos,
5,monterey,
5,mood,
5,mrs,
5,nc,
5,neck,
5,nectar,
5,nem,
5,newest,
5,nordic,
5,nov,
5,oakville,
5,occasion,
5,omurice,
5,onigiri,
5,ordering,
5,otoro,
5,pabellon,
5,packs,
5,padano,
5,pakoras,
5,pani,
5,panino,
5,panzanella,
5,parsee,
5,pears,
5,pepiada,
5,perogies,
5,pi,
5,picanha,
5,piccata,
5,picked,
5,picky,
5,pide,
5,pinsa,
5,pla,
5,plank,
5,plated,
5,poblanos,
5,preparing,
5,press,
5,pricey,
5,print,
5,prosecco,
5,proudly,
5,puffle,
5,purchase,
5,quattro,
5,raclette,
5,radicchio,
5,reina,
5,rig,
5,robata,
5,rocher,
5,rocket,
5,roja,
5,roman,
5,roses,
5,rosewater,
5,rosti,
5,ruby,
5,sadly,
5,salmone,
5,sampling,
5,samurai,
5,sardinian,
5,sasaki,
5,satisfy,
5,saturdays,
5,saumon,
5,scale,
5,scorpion,
5,seaside,
5,seating,
5,seller,
5,semolina,
5,sent,
5,seoul,
5,serradura,
5,servings,
5,seven,
5,shanghainese,
5,sheep,
5,shelled,
5,shepherd,
5,shoe,
5,shooters,
5,shuck,
5,siam,
5,sinful,
5,sip,
5,skor,
5,smashburger,
5,snoh,
5,snowflake,
5,sole,
5,sope,
5,sort,
5,space,
5,stand,
5,started,
5,steel,
5,steelhead,
5,stinky,
5,store,
5,succotash,
5,sunchoke,
5,superfood,
5,supper,
5,surimi,
5,sustainable,
5,tabbouleh,
5,takowasabi,
5,tasteless,
5,teas,
5,tekka,
5,teppanyaki,
5,thailand,
5,tiffany,
5,tijuana,
5,toasts,
5,tops,
5,tori,
5,tortas,
5,totaro,
5,trattoriatimone,
5,trumpet,
5,tuxedo,
5,uji,
5,vampire,
5,vida,
5,vieja,
5,vienna,
5,village,
5,voted,
5,wake,
5,walleye,
5,watery,
5,weekends,
5,whisky,
5,whoopie,
5,wich,
5,woon,
5,worthy,
5,wtf,
5,yellowfin,
5,yeung,
5,yorker,
5,younger,
5,yummmmm,
5,zeppole,
4,aburicious,
4,achiote,
4,adovada,
4,adults,
4,agave,
4,ago,
4,ah,
4,ain,
4,air,
4,airport,
4,alfajores,
4,alien,
4,allspice,
4,amaretti,
4,amberjack,
4,ameribrunch,
4,america,
4,amici,
4,amore,
4,ankimo,
4,answer,
4,anthony,
4,aoli,
4,apache,
4,apieceofhavana,
4,arigato,
4,aromatic,
4,arrachera,
4,artisanal,
4,asu,
4,attention,
4,aunt,
4,avocat,
4,avoid,
4,azuki,
4,ba,
4,backyard,
4,bags,
4,ban,
4,bangkok,
4,bangus,
4,bars,
4,bartender,
4,bastille,
4,bavette,
4,belle,
4,benedicts,
4,bevvy,
4,biet,
4,birdie,
4,bitters,
4,bonbon,
4,bora,
4,botan,
4,bottarga,
4,boudin,
4,bourgogne,
4,brandied,
4,brat,
4,brio,
4,brookie,
4,brothers,
4,buche,
4,bueno,
4,bug,
4,byo,
4,cab,
4,cacio,
4,calabash,
4,calling,
4,calm,
4,calzones,
4,canapes,
4,candies,
4,caps,
4,cartilage,
4,cassoulet,
4,catered,
4,cathy,
4,ceasar,
4,central,
4,centre,
4,cerdo,
4,chang,
4,changes,
4,chanterelle,
4,chao,
4,chard,
4,charged,
4,charro,
4,chasu,
4,cheetos,
4,cheong,
4,chestnuts,
4,chimi,
4,chinatown,
4,chuan,
4,chub,
4,chula,
4,cipollini,
4,clafoutis,
4,clearly,
4,clt,
4,cocina,
4,coconuts,
4,combinations,
4,compare,
4,comparison,
4,compliments,
4,concrete,
4,contemporary,
4,control,
4,copyright,
4,cornish,
4,cornmeal,
4,coronary,
4,court,
4,crap,
4,creations,
4,crescent,
4,crevettes,
4,crossing,
4,crowd,
4,curly,
4,daal,
4,dac,
4,danny,
4,dare,
4,dat,
4,dave,
4,dear,
4,dec,
4,decisions,
4,decorations,
4,delaware,
4,delicacies,
4,deliciously,
4,delicous,
4,detroit,
4,difference,
4,diner,
4,disappointment,
4,diy,
4,doordash,
4,dot,
4,doubles,
4,drip,
4,drum,
4,drunk,
4,duke,
4,eataly,
4,edition,
4,egglet,
4,eggroll,
4,elements,
4,emeril,
4,enjoyable,
4,entrance,
4,escabeche,
4,esquite,
4,evoo,
4,exclusive,
4,excuse,
4,facebook,
4,fairy,
4,fans,
4,fantasia,
4,fare,
4,farmer,
4,farmers,
4,father,
4,favor,
4,favourites,
4,favs,
4,feasting,
4,feb,
4,february,
4,feed,
4,firehouse,
4,fisherman,
4,flake,
4,flavourful,
4,flying,
4,forno,
4,fosters,
4,fox,
4,frenchie,
4,frijoles,
4,frita,
4,gamey,
4,gamjatang,
4,garlicky,
4,gau,
4,gazpacho,
4,gee,
4,geisha,
4,georgia,
4,geso,
4,ghi,
4,ghobi,
4,gigantic,
4,given,
4,gizzard,
4,gizzards,
4,glad,
4,glorious,
4,glory,
4,godiva,
4,goes,
4,goldilocks,
4,goma,
4,gomaae,
4,gooood,
4,goose,
4,gravlax,
4,grinder,
4,gringo,
4,guess,
4,ha,
4,hae,
4,hai,
4,hairy,
4,handpulled,
4,haricots,
4,harry,
4,hatch,
4,hear,
4,hearty,
4,heck,
4,highlights,
4,hills,
4,hock,
4,honestly,
4,honeydew,
4,huitlacoche,
4,humus,
4,hunter,
4,idk,
4,inari,
4,indonesian,
4,infamous,
4,inked,
4,ins,
4,intestines,
4,israeli,
4,italy,
4,jalepeno,
4,jello,
4,jesus,
4,jjimdak,
4,jk,
4,joint,
4,jojo,
4,jokbal,
4,kaiseki,
4,kanpachi,
4,karrage,
4,kat,
4,kebob,
4,kefta,
4,keto,
4,khouryslv,
4,killed,
4,knows,
4,kosho,
4,kronut,
4,kulfi,
4,kuro,
4,lamp,
4,latin,
4,latkes,
4,lavosh,
4,lawry,
4,les,
4,licking,
4,lighting,
4,lilikoi,
4,limit,
4,limoncello,
4,liquor,
4,list,
4,longtime,
4,lorraine,
4,lugar,
4,ly,
4,macho,
4,madeira,
4,madelines,
4,maduros,
4,mae,
4,makhani,
4,manicotti,
4,maria,
4,marie,
4,marnier,
4,maui,
4,medallions,
4,menus,
4,merguez,
4,met,
4,mex,
4,meyer,
4,mia,
4,michigan,
4,mike,
4,mile,
4,milkshakes,
4,millie,
4,miner,
4,minis,
4,mins,
4,mission,
4,mixto,
4,mondays,
4,monsieur,
4,montagu,
4,morel,
4,moscow,
4,moss,
4,mostarda,
4,mouthwatering,
4,mozarella,
4,muhammara,
4,mung,
4,muy,
4,nabe,
4,nanaimo,
4,nanban,
4,needs,
4,negitoro,
4,nicoise,
4,nigerian,
4,nights,
4,noble,
4,noon,
4,nosh,
4,november,
4,nutmeg,
4,nutritious,
4,oasis,
4,oeuf,
4,office,
4,og,
4,olio,
4,ones,
4,ooey,
4,oops,
4,orzo,
4,overly,
4,overnight,
4,paccheri,
4,packaging,
4,paid,
4,palace,
4,panda,
4,panettone,
4,paprika,
4,paprikash,
4,paramount,
4,pasilla,
4,patisserie,
4,patron,
4,pavlova,
4,pei,
4,penny,
4,pepperoncini,
4,peppery,
4,pernil,
4,personalized,
4,piccatta,
4,pickerel,
4,pilaf,
4,pile,
4,pint,
4,piping,
4,pitza,
4,planet,
4,planta,
4,playing,
4,pluma,
4,pom,
4,poor,
4,poppin,
4,poptart,
4,portabella,
4,potatoe,
4,poulet,
4,poured,
4,pow,
4,primavera,
4,professional,
4,promotion,
4,properly,
4,provencal,
4,prune,
4,public,
4,pump,
4,pumpernickel,
4,rangoons,
4,raviolis,
4,reasonable,
4,receive,
4,redondo,
4,reeses,
4,refills,
4,rellena,
4,rendang,
4,reposado,
4,resist,
4,reviews,
4,ridiculous,
4,rieu,
4,rillettes,
4,ringo,
4,ripe,
4,rise,
4,rnr,
4,rockefeller,
4,rockfish,
4,rockport,
4,romana,
4,romantic,
4,ronin,
4,rotating,
4,roulade,
4,rucola,
4,runny,
4,rustic,
4,sakana,
4,salame,
4,sale,
4,salumi,
4,samba,
4,sandbaraz,
4,sans,
4,satisfied,
4,satisfying,
4,saucy,
4,savor,
4,saying,
4,scalloped,
4,sera,
4,shai,
4,shaking,
4,shared,
4,shark,
4,sharp,
4,sheesh,
4,sherbet,
4,shigoku,
4,shiratama,
4,shogun,
4,shooter,
4,shoots,
4,showstopper,
4,shrooms,
4,shwarma,
4,sid,
4,silk,
4,silverlake,
4,sincitycupcakes,
4,siracha,
4,sitting,
4,skinnyfats,
4,snake,
4,sofrito,
4,som,
4,sopes,
4,sorrel,
4,soso,
4,sotto,
4,soupe,
4,spaghettini,
4,specially,
4,speculoos,
4,spiciness,
4,spirit,
4,spit,
4,squeezed,
4,stake,
4,starts,
4,steaming,
4,stella,
4,step,
4,steve,
4,straw,
4,stripe,
4,strudel,
4,stunning,
4,su,
4,sugarcane,
4,sugared,
4,sugary,
4,sumac,
4,summerlin,
4,sumo,
4,sunflower,
4,superb,
4,surprised,
4,sweetbread,
4,tables,
4,taboule,
4,tacu,
4,talking,
4,tallegio,
4,tam,
4,tap,
4,tapa,
4,tar,
4,tastebuds,
4,taster,
4,tatsuta,
4,tavern,
4,tebasaki,
4,temaki,
4,tentacles,
4,teppan,
4,teri,
4,texan,
4,theme,
4,themed,
4,thermidor,
4,thinly,
4,thompson,
4,thursdays,
4,tim,
4,tin,
4,tiradito,
4,topper,
4,torch,
4,tour,
4,trail,
4,tricolor,
4,trip,
4,tum,
4,tummy,
4,turmeric,
4,turning,
4,undercooked,
4,untitled,
4,upset,
4,ur,
4,valenciana,
4,valentines,
4,valrhona,
4,vegetarians,
4,verdure,
4,vermouth,
4,vert,
4,vibe,
4,vibes,
4,waba,
4,wafers,
4,walk,
4,waygu,
4,welcoming,
4,whatwedigtoday,
4,windy,
4,woo,
4,worst,
4,wrapper,
4,yakiudon,
4,yeasted,
4,yorkshire,
4,yummi,
4,yumminess,
4,zero,
4,zhou,
4,zinc,
3,aaron,
3,abc,
3,accompaniments,
3,addicted,
3,adds,
3,adventures,
3,affordable,
3,aglio,
3,aguacate,
3,aguachile,
3,ajillo,
3,akami,
3,alcapone,
3,aleppo,
3,allan,
3,aloha,
3,alongside,
3,amano,
3,amaze,
3,ami,
3,ana,
3,ananas,
3,anchovies,
3,angle,
3,anytime,
3,appears,
3,applesauce,
3,aquaknox,
3,arabic,
3,arepazo,
3,arrabiata,
3,artificial,
3,artisinal,
3,asbury,
3,asi,
3,assiette,
3,attentive,
3,aubergine,
3,avail,
3,ave,
3,babaganoush,
3,bachi,
3,bademjan,
3,bakn,
3,balanced,
3,ballerina,
3,bam,
3,banane,
3,banchans,
3,bandera,
3,banzai,
3,baos,
3,barbeque,
3,basilic,
3,basque,
3,bastard,
3,bayou,
3,beignet,
3,beijing,
3,bellini,
3,bene,
3,benihana,
3,bennie,
3,beverage,
3,bff,
3,bhoona,
3,bien,
3,biggest,
3,bill,
3,bimbimbap,
3,bing,
3,bj,
3,blintz,
3,blizzard,
3,boiling,
3,bols,
3,bomba,
3,bonifield,
3,boo,
3,book,
3,boost,
3,bordeaux,
3,boring,
3,boscaiola,
3,bostock,
3,botana,
3,boti,
3,brand,
3,brassaii,
3,brasserie,
3,bravo,
3,breadcrumbs,
3,break,
3,breaky,
3,breath,
3,briny,
3,brittany,
3,bronzed,
3,brother,
3,bruchetta,
3,bruleed,
3,brunchday,
3,bts,
3,bu,
3,buddha,
3,bufula,
3,bugolgi,
3,built,
3,bukkake,
3,bullseye,
3,bulogi,
3,burgh,
3,burgr,
3,burgundy,
3,butabara,
3,butchers,
3,cacik,
3,caffeine,
3,cal,
3,calamares,
3,calimari,
3,callebaut,
3,callo,
3,camp,
3,canai,
3,canned,
3,cantaloupe,
3,caponata,
3,cappucino,
3,capri,
3,caption,
3,car,
3,casual,
3,cater,
3,caught,
3,cent,
3,century,
3,chae,
3,chain,
3,cham,
3,chamoy,
3,chan,
3,chana,
3,chanel,
3,changing,
3,charlie,
3,chartreuse,
3,chawanmushi,
3,checked,
3,checkin,
3,cheesecakes,
3,chengdu,
3,chervil,
3,chess,
3,chettinad,
3,chevre,
3,chica,
3,chicharrones,
3,chickawaffadopolis,
3,chicki,
3,child,
3,children,
3,chille,
3,chimney,
3,chkn,
3,cho,
3,chole,
3,chompie,
3,chubby,
3,chz,
3,cinnaholic,
3,circle,
3,classico,
3,climax,
3,cluny,
3,coffeehouse,
3,cognac,
3,colony,
3,common,
3,compost,
3,concasse,
3,concept,
3,conchiglie,
3,concoction,
3,concord,
3,consisting,
3,container,
3,continental,
3,cooks,
3,cooln,
3,copper,
3,cosmopolitan,
3,count,
3,counter,
3,courvoisier,
3,cousin,
3,cover,
3,cozy,
3,creative,
3,cred,
3,crinkle,
3,cro,
3,cronuts,
3,crostinis,
3,crown,
3,crying,
3,crystal,
3,cubed,
3,cubes,
3,curries,
3,cutie,
3,cuttlefish,
3,cuz,
3,dacquoise,
3,daging,
3,dal,
3,dam,
3,dancing,
3,david,
3,daytona,
3,decaf,
3,decided,
3,delicately,
3,delicioso,
3,della,
3,delux,
3,depending,
3,depth,
3,desayunos,
3,describe,
3,deserts,
3,deserve,
3,designed,
3,destroyed,
3,details,
3,devour,
3,died,
3,diego,
3,dig,
3,dinosaur,
3,disgusting,
3,dive,
3,doggie,
3,dole,
3,dolmas,
3,dome,
3,doo,
3,dory,
3,douglas,
3,doused,
3,dover,
3,drafts,
3,dram,
3,dressings,
3,drumstick,
3,drumsticks,
3,duc,
3,dup,
3,duxelle,
3,eclairs,
3,edgar,
3,eggnog,
3,elderflower,
3,employees,
3,ending,
3,endives,
3,enjoys,
3,ensenada,
3,epazote,
3,erie,
3,es,
3,esque,
3,essentially,
3,ethel,
3,eva,
3,everybody,
3,exceptional,
3,exciting,
3,expectations,
3,expecting,
3,expresso,
3,exquisite,
3,extraordinary,
3,ezo,
3,factory,
3,faint,
3,fake,
3,fashion,
3,fear,
3,feeding,
3,feeling,
3,felt,
3,fermented,
3,ferrero,
3,ff,
3,fight,
3,fighter,
3,filetto,
3,filler,
3,final,
3,financier,
3,fireball,
3,fisher,
3,fishwich,
3,fixed,
3,flag,
3,flakey,
3,flambee,
3,flambeed,
3,flatbreads,
3,fleming,
3,flip,
3,flippin,
3,florida,
3,foodporn,
3,foraged,
3,forager,
3,forward,
3,foundation,
3,fowl,
3,fraises,
3,framboises,
3,freed,
3,fresas,
3,frida,
3,funfetti,
3,funk,
3,funky,
3,funny,
3,fusilli,
3,games,
3,gao,
3,garnished,
3,gator,
3,gennaro,
3,george,
3,gettin,
3,ghaimeh,
3,ghirardelli,
3,ghost,
3,gibby,
3,gifts,
3,ginormous,
3,gmo,
3,gnocci,
3,goats,
3,gobble,
3,gobbler,
3,gobo,
3,gogi,
3,goi,
3,goji,
3,gooodwich,
3,gooooood,
3,goooooood,
3,gorditas,
3,graded,
3,granary,
3,grandpa,
3,grateful,
3,greg,
3,grigio,
3,grind,
3,grocery,
3,guilty,
3,gulab,
3,halal,
3,hana,
3,handrolls,
3,hangar,
3,hanpan,
3,happens,
3,haricot,
3,harumaki,
3,hate,
3,haystack,
3,heel,
3,helpful,
3,hemisection,
3,hero,
3,hey,
3,highest,
3,hive,
3,hmm,
3,hoi,
3,hood,
3,hope,
3,horn,
3,horse,
3,huh,
3,hungarian,
3,hurricane,
3,hype,
3,iceburger,
3,icy,
3,idli,
3,ii,
3,ikapiri,
3,imagine,
3,inch,
3,individual,
3,indulgence,
3,injera,
3,innards,
3,insalata,
3,insane,
3,insanely,
3,insp,
3,jabistro,
3,jabistroll,
3,jake,
3,jamaica,
3,jammy,
3,jang,
3,jap,
3,jars,
3,jenelle,
3,jessie,
3,jim,
3,joun,
3,journey,
3,ju,
3,kaarage,
3,kababs,
3,kah,
3,kakiage,
3,karee,
3,karved,
3,kati,
3,katsuya,
3,kawaii,
3,kaya,
3,keylime,
3,kickin,
3,kidding,
3,kiddo,
3,kidney,
3,kiki,
3,kill,
3,kitfo,
3,knot,
3,kofte,
3,kombu,
3,koobideh,
3,kosher,
3,kra,
3,krusty,
3,kushi,
3,kway,
3,labni,
3,lacks,
3,lager,
3,landing,
3,lardon,
3,lardons,
3,larger,
3,launched,
3,legendary,
3,lg,
3,likes,
3,lima,
3,listed,
3,livornese,
3,llanera,
3,locally,
3,logo,
3,logs,
3,lord,
3,lou,
3,louie,
3,louisiana,
3,loup,
3,lovin,
3,lunchtime,
3,luscious,
3,luxe,
3,macerated,
3,madagascar,
3,madeleine,
3,madeleines,
3,madeline,
3,mafia,
3,magnificent,
3,mall,
3,mangonada,
3,mania,
3,manti,
3,manzano,
3,marbling,
3,marco,
3,margerita,
3,mario,
3,marjoram,
3,martin,
3,masaman,
3,mask,
3,masu,
3,masubi,
3,mbstudio,
3,mcd,
3,medallion,
3,mei,
3,mellow,
3,meltdown,
3,memory,
3,memphis,
3,men,
3,meraki,
3,meringues,
3,metal,
3,mexicana,
3,mexicano,
3,mezze,
3,mgm,
3,michoacan,
3,mid,
3,midwest,
3,mien,
3,miga,
3,milanesa,
3,milktea,
3,millet,
3,million,
3,mina,
3,mirchi,
3,misc,
3,missed,
3,mmmac,
3,moine,
3,momofuku,
3,moms,
3,motherload,
3,ms,
3,mudslide,
3,mul,
3,multi,
3,multiple,
3,munster,
3,muscles,
3,mushu,
3,naengmyun,
3,naturally,
3,nduja,
3,nearly,
3,neil,
3,nelson,
3,neptune,
3,nevada,
3,ngiri,
3,nigiris,
3,ninja,
3,nitrogen,
3,noel,
3,noir,
3,nomad,
3,noms,
3,nomtasticfoods,
3,nomz,
3,nora,
3,normal,
3,norway,
3,nuc,
3,obviously,
3,ohh,
3,oishi,
3,omasake,
3,oozing,
3,opens,
3,ora,
3,ordertheyelp,
3,orecchiette,
3,oregon,
3,oroshi,
3,ovaltine,
3,overpowering,
3,pa,
3,package,
3,pairing,
3,pairs,
3,palabok,
3,palate,
3,panthereats,
3,panzon,
3,papad,
3,papadum,
3,paratha,
3,parisian,
3,parsnip,
3,parts,
3,past,
3,pata,
3,pattie,
3,pblt,
3,peaks,
3,pepito,
3,perdu,
3,pg,
3,ph,
3,phad,
3,photographed,
3,phyllo,
3,pibil,
3,picasso,
3,pierogis,
3,pinakbet,
3,pix,
3,pizookie,
3,plater,
3,platija,
3,play,
3,playgirl,
3,pleasant,
3,pleaser,
3,ploughman,
3,pocket,
3,poe,
3,pointe,
3,poitrine,
3,polish,
3,polpo,
3,pomelo,
3,pool,
3,poorly,
3,popsicle,
3,portioned,
3,positano,
3,pouring,
3,poutines,
3,pralines,
3,preparation,
3,pricy,
3,product,
3,production,
3,program,
3,provided,
3,provo,
3,pulao,
3,pumpkins,
3,pups,
3,pupusa,
3,pupusas,
3,putting,
3,quarters,
3,quebec,
3,questionably,
3,ra,
3,rachel,
3,radio,
3,rain,
3,raita,
3,ramsay,
3,ran,
3,random,
3,rattle,
3,raymond,
3,recall,
3,recent,
3,recipes,
3,recommendation,
3,recommendations,
3,reef,
3,regrets,
3,rendered,
3,republic,
3,requested,
3,reserve,
3,reshmi,
3,richmond,
3,rillette,
3,rip,
3,river,
3,rnrscottsdale,
3,rois,
3,rojo,
3,role,
3,roof,
3,rosa,
3,rounds,
3,roy,
3,royalty,
3,ruben,
3,rude,
3,rudy,
3,rutabaga,
3,ryland,
3,sai,
3,saj,
3,sal,
3,sambal,
3,samgyeopsal,
3,samgyupsal,
3,sandbar,
3,sandwiched,
3,sauced,
3,saute,
3,sauted,
3,sauvignon,
3,saw,
3,scene,
3,schmear,
3,scout,
3,screamin,
3,sear,
3,seasonally,
3,seat,
3,seitan,
3,selected,
3,self,
3,selling,
3,september,
3,services,
3,shape,
3,shaq,
3,sharks,
3,shawerma,
3,shebang,
3,sheek,
3,shimeji,
3,shimp,
3,shipwreck,
3,sho,
3,shoo,
3,shortrib,
3,showing,
3,shows,
3,siciliana,
3,siciliano,
3,siew,
3,simon,
3,sis,
3,sit,
3,site,
3,sixth,
3,sizzler,
3,skimp,
3,sleep,
3,slowly,
3,smart,
3,smiling,
3,smoker,
3,smore,
3,snails,
3,snicker,
3,snowcrab,
3,song,
3,sop,
3,soppressata,
3,sorbert,
3,source,
3,sourced,
3,sous,
3,soybean,
3,soyrizo,
3,spain,
3,springroll,
3,spuds,
3,squares,
3,squarz,
3,squeeze,
3,stable,
3,ste,
3,stk,
3,stopped,
3,story,
3,strange,
3,strippers,
3,suck,
3,suggested,
3,sugo,
3,sultan,
3,sultani,
3,sunchokes,
3,superman,
3,suppli,
3,sustainably,
3,sweetened,
3,sweetie,
3,switched,
3,sze,
3,taiwan,
3,takana,
3,takopa,
3,talapia,
3,tale,
3,talented,
3,talk,
3,tallow,
3,tamarindo,
3,tandoor,
3,tantan,
3,tao,
3,tare,
3,tastiest,
3,tawouk,
3,te,
3,teba,
3,telefono,
3,tempeh,
3,temptation,
3,teow,
3,terrace,
3,terri,
3,terriyaki,
3,tete,
3,tex,
3,textures,
3,thinner,
3,thomas,
3,threw,
3,thrifty,
3,thurs,
3,ti,
3,tier,
3,tieu,
3,tiffanyandryland,
3,tiki,
3,timbers,
3,tina,
3,tok,
3,tonic,
3,toothpicks,
3,toroniku,
3,torontolife,
3,toss,
3,toy,
3,tradition,
3,train,
3,trecce,
3,trinity,
3,tripas,
3,trolley,
3,trust,
3,tsukemen,
3,tube,
3,turon,
3,tuscany,
3,twc,
3,twists,
3,twix,
3,uncle,
3,union,
3,uno,
3,unsweetened,
3,upgrade,
3,upper,
3,vacherin,
3,vampiro,
3,variations,
3,veau,
3,veloute,
3,venezuelan,
3,vent,
3,versus,
3,veteran,
3,vgk,
3,vi,
3,vide,
3,vietnam,
3,vino,
3,vip,
3,virginia,
3,vito,
3,vol,
3,vonny,
3,voodoo,
3,walls,
3,waste,
3,wear,
3,web,
3,webb,
3,weddings,
3,wheel,
3,whitefish,
3,wide,
3,wifey,
3,wildberry,
3,wilensky,
3,wilted,
3,window,
3,wines,
3,wirh,
3,wiz,
3,wonder,
3,wor,
3,working,
3,worlds,
3,wrappedsushi,
3,wrappers,
3,xa,
3,xd,
3,xiaolongbao,
3,xiu,
3,xlb,
3,xx,
3,xxl,
3,yawn,
3,yelpers,
3,yew,
3,yoshi,
3,yucca,
3,yuck,
3,yuka,
3,yule,
3,yummmmmm,
3,yummmy,
3,yums,
3,yup,
3,z,
3,zaatar,
3,zangi,
3,zeppoli,
3,zucca,
3,zuke,
3,zuma,
3,zuppa,
2,aaa,
2,abbey,
2,accompanying,
2,ackee,
2,addiction,
2,admittedly,
2,adobe,
2,advance,
2,advertise,
2,advertising,
2,af,
2,agostoni,
2,agrodolce,
2,agua,
2,ahead,
2,ahoy,
2,ahsjybxmcz,
2,aid,
2,alarm,
2,alas,
2,albeit,
2,albondigas,
2,alfalfa,
2,allergic,
2,almondine,
2,aloette,
2,alternative,
2,amandine,
2,amarena,
2,amarillo,
2,amazon,
2,amazonian,
2,aminos,
2,ample,
2,amritsari,
2,andagi,
2,andes,
2,andiron,
2,andrews,
2,anise,
2,anitpasto,
2,anti,
2,anticucho,
2,anticuchos,
2,antipasta,
2,antoinette,
2,appertizer,
2,applejack,
2,appreciate,
2,approves,
2,aranchini,
2,arbol,
2,arcadia,
2,argentina,
2,aria,
2,arm,
2,armenoganyan,
2,arnold,
2,arrancini,
2,arrogant,
2,artic,
2,article,
2,artwork,
2,aside,
2,assam,
2,assume,
2,atelier,
2,atleast,
2,aug,
2,avec,
2,avenue,
2,awlecks,
2,azada,
2,babka,
2,babyback,
2,babystacks,
2,bac,
2,bacardi,
2,bachelorette,
2,bacio,
2,backed,
2,backseats,
2,baco,
2,badger,
2,bafun,
2,bagna,
2,baguettes,
2,bahama,
2,baileys,
2,bakeshop,
2,bakhtiari,
2,baklawa,
2,banderilla,
2,banhmilicious,
2,bannock,
2,banofi,
2,barbari,
2,barbie,
2,bare,
2,barfi,
2,bartlett,
2,baseball,
2,baskets,
2,battle,
2,bazaar,
2,bbd,
2,bbt,
2,beaches,
2,beansprout,
2,bearclaw,
2,beard,
2,beaumont,
2,beauty,
2,bebe,
2,beefy,
2,beehive,
2,beginning,
2,begins,
2,behold,
2,belated,
2,ben,
2,bennies,
2,bentley,
2,bergamot,
2,bergsmasca,
2,besan,
2,betta,
2,beverly,
2,beware,
2,beyti,
2,bhajees,
2,bhatura,
2,bianche,
2,bib,
2,bibimbab,
2,biederhof,
2,bife,
2,bigoli,
2,bikini,
2,biltmore,
2,binagoongan,
2,binchotan,
2,birch,
2,biscoff,
2,bistec,
2,bistecca,
2,bistek,
2,bitten,
2,bittersweet,
2,biz,
2,blackcurrant,
2,blacken,
2,blackout,
2,blah,
2,blanche,
2,blanched,
2,blaze,
2,blazing,
2,blazzin,
2,bleh,
2,blessed,
2,blintzes,
2,blogto,
2,bloguettes,
2,blonde,
2,bloom,
2,blossoms,
2,blow,
2,blowtorched,
2,bltg,
2,blu,
2,bmoc,
2,boa,
2,bobby,
2,bobo,
2,bocconcini,
2,body,
2,bogo,
2,bohemian,
2,bold,
2,bolillo,
2,bond,
2,bonnet,
2,bonsai,
2,boob,
2,boom,
2,bop,
2,boquerones,
2,borani,
2,borracho,
2,borscht,
2,botanical,
2,boutique,
2,bow,
2,bradyeats,
2,braided,
2,brasato,
2,brats,
2,bratwurst,
2,breathe,
2,brewing,
2,brewski,
2,bridal,
2,brigadeiro,
2,brings,
2,brit,
2,brittania,
2,briyani,
2,brizza,
2,broasted,
2,bronzino,
2,bros,
2,bruce,
2,bruch,
2,brunching,
2,brusco,
2,brushed,
2,buckeye,
2,buckthorn,
2,budweiser,
2,buffala,
2,bugs,
2,builder,
2,buldak,
2,bulgolgi,
2,bulgur,
2,bulk,
2,bull,
2,bumble,
2,bundtinis,
2,burgerim,
2,buritto,
2,burn,
2,burp,
2,buttercorn,
2,butters,
2,button,
2,buzzkill,
2,byob,
2,cabana,
2,cabrales,
2,cacao,
2,cacciatore,
2,cachapa,
2,cadbury,
2,caeser,
2,cafeteria,
2,cage,
2,cago,
2,cajeta,
2,calabaza,
2,calabrese,
2,calamaretti,
2,caldo,
2,calgary,
2,caliente,
2,californian,
2,camburger,
2,camelback,
2,camembert,
2,campagne,
2,campechana,
2,camperitos,
2,cannellini,
2,cannolo,
2,canoli,
2,canolli,
2,canton,
2,capicola,
2,capistrami,
2,capital,
2,capocollo,
2,capon,
2,cappelletti,
2,cappellini,
2,capricciosa,
2,caramels,
2,careful,
2,carefully,
2,carib,
2,caring,
2,carnage,
2,carpet,
2,carry,
2,carver,
2,casoncelli,
2,cassata,
2,cast,
2,catalan,
2,catrin,
2,cauda,
2,cauli,
2,caulifire,
2,caution,
2,cayenne,
2,cebolla,
2,ceiling,
2,celebrated,
2,cervena,
2,ces,
2,chadol,
2,chairs,
2,chalkboard,
2,chamango,
2,chamomile,
2,chanterelles,
2,chapo,
2,charles,
2,charleston,
2,charms,
2,chateaubriand,
2,chaud,
2,chayo,
2,cheat,
2,cheeeesy,
2,cheer,
2,cheesey,
2,cheetah,
2,chermoula,
2,cherrywood,
2,chesse,
2,chest,
2,chew,
2,chewed,
2,chiang,
2,chianti,
2,chicharon,
2,chicky,
2,chief,
2,chiken,
2,childhood,
2,chilies,
2,chillin,
2,chilly,
2,chimchurri,
2,chimmi,
2,chinesefood,
2,chinois,
2,chipped,
2,chitarra,
2,choclate,
2,cholula,
2,chongqing,
2,choolah,
2,chos,
2,christina,
2,chrysanthemum,
2,chuchotethaibistro,
2,church,
2,churrasco,
2,chutoro,
2,cinco,
2,cinnabon,
2,cinnabun,
2,cityfoodsters,
2,civiche,
2,classical,
2,classy,
2,cle,
2,cleanse,
2,cleared,
2,client,
2,clock,
2,closest,
2,closing,
2,clove,
2,cluster,
2,coating,
2,cobia,
2,cockles,
2,coctel,
2,coddled,
2,codfish,
2,coffees,
2,colette,
2,collab,
2,colombian,
2,colonia,
2,colored,
2,colors,
2,colour,
2,colours,
2,columbian,
2,coma,
2,comeback,
2,comp,
2,complaining,
2,complement,
2,composition,
2,concha,
2,connection,
2,considered,
2,consumed,
2,contains,
2,contest,
2,coop,
2,cor,
2,coral,
2,corndog,
2,cornetto,
2,correctly,
2,corvina,
2,cosmo,
2,counting,
2,cowgirl,
2,crackling,
2,cran,
2,creama,
2,creamer,
2,creekstone,
2,cremini,
2,cripsy,
2,crisped,
2,crispies,
2,crispness,
2,croquant,
2,croquet,
2,croqueta,
2,croyaki,
2,crush,
2,crustless,
2,cuerno,
2,cultured,
2,customary,
2,cutlets,
2,dacquiose,
2,dai,
2,daing,
2,dak,
2,dakgalbi,
2,dandan,
2,dandelion,
2,danielle,
2,daniels,
2,darn,
2,dauphinois,
2,davidson,
2,decker,
2,deco,
2,definite,
2,definition,
2,degrees,
2,deliver,
2,delivers,
2,demand,
2,depressor,
2,deserves,
2,despite,
2,destination,
2,detox,
2,deux,
2,deville,
2,devils,
2,dew,
2,diamondback,
2,diavola,
2,dierks,
2,diggity,
2,dillon,
2,diniguan,
2,dionysos,
2,dipper,
2,dippin,
2,directly,
2,disappoints,
2,disney,
2,divorciados,
2,dixie,
2,doc,
2,dock,
2,doenjang,
2,dol,
2,dollop,
2,doodle,
2,dorade,
2,dorados,
2,dots,
2,dou,
2,doughy,
2,dragonfruit,
2,dragons,
2,dreaming,
2,dreamy,
2,drenched,
2,drinking,
2,driven,
2,drooling,
2,drools,
2,drooool,
2,drowned,
2,dual,
2,dunkin,
2,dye,
2,eagle,
2,eaters,
2,eative,
2,ecuador,
2,eddiesplacerestaurant,
2,eggslut,
2,eggsmart,
2,egyptian,
2,elegant,
2,elevated,
2,elotes,
2,elvisbayley,
2,embers,
2,emilio,
2,emm,
2,empire,
2,enbulto,
2,encebollado,
2,encrusted,
2,ended,
2,enormous,
2,enrobed,
2,entirely,
2,equals,
2,escapes,
2,esp,
2,especial,
2,espuma,
2,esther,
2,eureka,
2,eurobass,
2,everest,
2,evil,
2,exact,
2,excellence,
2,exclusively,
2,executed,
2,explain,
2,fabbrica,
2,fabulously,
2,fagioli,
2,fail,
2,fairmount,
2,falafels,
2,FALSE,
2,families,
2,farfalle,
2,fatoush,
2,faux,
2,faves,
2,favors,
2,fee,
2,feels,
2,fetalicious,
2,fewer,
2,field,
2,fillers,
2,fillings,
2,filo,
2,finding,
2,fines,
2,finn,
2,fino,
2,fishy,
2,fist,
2,fitness,
2,flambe,
2,flamin,
2,flamingo,
2,flapjack,
2,flapjacks,
2,flatiron,
2,flattened,
2,flax,
2,flesh,
2,flic,
2,flipping,
2,floral,
2,flown,
2,fluffiest,
2,foil,
2,folks,
2,following,
2,fondo,
2,fondues,
2,fontinella,
2,fonz,
2,foodiejenn,
2,fool,
2,foothills,
2,forks,
2,formaggio,
2,format,
2,formed,
2,formocha,
2,fountain,
2,fours,
2,fragrance,
2,frais,
2,fraldinha,
2,frame,
2,frangipane,
2,frankie,
2,franks,
2,freakin,
2,freedom,
2,fregola,
2,freshest,
2,fricassee,
2,frick,
2,fritatta,
2,frite,
2,fritos,
2,fritta,
2,frittes,
2,frost,
2,frosty,
2,frrrozen,
2,fruitti,
2,frybread,
2,frying,
2,fuck,
2,fucking,
2,fuelpizza,
2,fungi,
2,furai,
2,futo,
2,futomaki,
2,fwhat,
2,gabba,
2,galaxy,
2,gallega,
2,galleta,
2,galub,
2,gamberi,
2,gan,
2,gandules,
2,garbanzos,
2,gardens,
2,garganelli,
2,garnishes,
2,gaufrette,
2,gelatin,
2,gelatology,
2,gen,
2,generals,
2,generation,
2,generously,
2,genius,
2,genovese,
2,geoduck,
2,ghanouj,
2,ghee,
2,gim,
2,gimbap,
2,gindara,
2,giovanni,
2,gives,
2,gl,
2,gladys,
2,glimpse,
2,glistening,
2,globs,
2,gnocchis,
2,goals,
2,goblin,
2,gochugaru,
2,godfather,
2,goin,
2,gol,
2,golfball,
2,gon,
2,goodfood,
2,goong,
2,goooood,
2,gosh,
2,gougere,
2,gougeres,
2,gourds,
2,grabbagreen,
2,grace,
2,grade,
2,graduation,
2,grajea,
2,grandfather,
2,granita,
2,gratine,
2,graveyard,
2,grayton,
2,graze,
2,greedy,
2,greenery,
2,greentea,
2,gremalotta,
2,griddlecakes,
2,grigliate,
2,grillin,
2,gringa,
2,grissini,
2,grit,
2,gritcake,
2,groovin,
2,groovy,
2,gros,
2,growing,
2,growlers,
2,grt,
2,grub,
2,gta,
2,guai,
2,guchi,
2,guimauve,
2,guinea,
2,guisados,
2,gulf,
2,gum,
2,guru,
2,gyoku,
2,gyozas,
2,gyrosplus,
2,gyutan,
2,gyuu,
2,habibi,
2,han,
2,handed,
2,handle,
2,hanout,
2,haole,
2,hapa,
2,happened,
2,happyhour,
2,happys,
2,happyshamburgers,
2,hardboiled,
2,hardsalami,
2,hargow,
2,harvested,
2,haryali,
2,hashbrown,
2,haters,
2,hatsumi,
2,hattie,
2,haveagoodone,
2,hawg,
2,heard,
2,hearthstone,
2,heath,
2,heels,
2,heh,
2,held,
2,helped,
2,helper,
2,henderson,
2,hendricksgin,
2,hershey,
2,hierloom,
2,higher,
2,hikari,
2,hire,
2,hiro,
2,hmmm,
2,hokaido,
2,hokkigai,
2,hollow,
2,homard,
2,homerun,
2,homestyle,
2,honest,
2,hongkong,
2,honoraz,
2,hoo,
2,hooked,
2,horribly,
2,hosts,
2,hotategai,
2,hotdogs,
2,hr,
2,hs,
2,ht,
2,hubba,
2,huckleberry,
2,hugger,
2,hula,
2,hulk,
2,hummingbird,
2,hustle,
2,huuuge,
2,hwaro,
2,hwe,
2,icelandic,
2,iconic,
2,idaho,
2,ideas,
2,idiazabal,
2,ihaw,
2,il,
2,important,
2,imported,
2,inasal,
2,inedible,
2,inferno,
2,ing,
2,inglese,
2,inguday,
2,inhale,
2,initial,
2,injectable,
2,injeolmi,
2,innovative,
2,inspiration,
2,instant,
2,international,
2,invasion,
2,iphone,
2,iskender,
2,islamic,
2,italia,
2,ivan,
2,izumi,
2,jacobs,
2,jajangmyeon,
2,jajangmyun,
2,jalea,
2,jalisience,
2,jambon,
2,james,
2,japaneiro,
2,japo,
2,jarlsberg,
2,jason,
2,java,
2,jenga,
2,jeon,
2,jhol,
2,jiang,
2,jimdak,
2,jinya,
2,jjanga,
2,jjigae,
2,jjim,
2,jon,
2,jonathan,
2,juan,
2,jucy,
2,judge,
2,julep,
2,julienned,
2,junk,
2,kaba,
2,kabuki,
2,kachumber,
2,kadai,
2,kaiser,
2,kaiware,
2,kake,
2,kakimayo,
2,kalamari,
2,kaluga,
2,kamashida,
2,kami,
2,kangaroo,
2,kangkong,
2,kanom,
2,kanto,
2,kappa,
2,karat,
2,katsuo,
2,kauai,
2,kawahagi,
2,ke,
2,kebap,
2,kefir,
2,keiki,
2,kelp,
2,kensington,
2,kentucky,
2,kerala,
2,kerwee,
2,ketsu,
2,kewpie,
2,kheer,
2,khinkali,
2,ki,
2,kibbeh,
2,kickback,
2,kiddos,
2,kindly,
2,kinmedai,
2,kissed,
2,kitanoya,
2,kiufte,
2,kiwami,
2,klimt,
2,knees,
2,knuckle,
2,ko,
2,koi,
2,kolache,
2,kolaches,
2,kombucha,
2,konyak,
2,kooky,
2,korea,
2,koshari,
2,kozhi,
2,kpgtq,
2,kr,
2,kreme,
2,kristin,
2,kua,
2,kumi,
2,kumquats,
2,kupe,
2,kurodai,
2,kuromitsu,
2,kyoto,
2,laap,
2,lab,
2,labor,
2,lac,
2,lacked,
2,lagsana,
2,lakewood,
2,land,
2,lanzhou,
2,lardo,
2,lasagne,
2,latina,
2,latino,
2,latke,
2,lau,
2,laughing,
2,launch,
2,lauren,
2,law,
2,lays,
2,lebanese,
2,lechera,
2,leftover,
2,leigh,
2,lemons,
2,lent,
2,lenten,
2,levels,
2,lgo,
2,li,
2,licious,
2,lights,
2,ligurian,
2,limelight,
2,limes,
2,lindsay,
2,lindt,
2,lineup,
2,linguica,
2,liqueur,
2,lish,
2,lit,
2,livers,
2,lives,
2,livin,
2,living,
2,load,
2,lobstah,
2,locale,
2,logan,
2,lombardo,
2,lomein,
2,lone,
2,longan,
2,longjohn,
2,longsilog,
2,lookie,
2,loop,
2,loops,
2,loose,
2,lorenzo,
2,lose,
2,lotta,
2,louvre,
2,lov,
2,lr,
2,lto,
2,luau,
2,luc,
2,lucchese,
2,lucia,
2,luma,
2,lumpiang,
2,lunches,
2,luo,
2,lux,
2,lyonnais,
2,mabo,
2,macau,
2,macha,
2,maestro,
2,maggie,
2,maha,
2,maharaja,
2,mahimahi,
2,mahon,
2,maiko,
2,maison,
2,makhni,
2,mala,
2,malaikoftha,
2,malay,
2,maldon,
2,male,
2,malibu,
2,malorisclark,
2,malpeque,
2,malpeques,
2,malted,
2,mamma,
2,manaeesh,
2,manager,
2,manakeesh,
2,mandorle,
2,manila,
2,manly,
2,manzo,
2,marben,
2,marche,
2,mardi,
2,mari,
2,marigold,
2,martinis,
2,marzipane,
2,mas,
2,mashers,
2,masterfully,
2,masterpiece,
2,matchstick,
2,math,
2,matsu,
2,matsutake,
2,matteo,
2,maxx,
2,mazing,
2,mccool,
2,mcmuffin,
2,mcviolette,
2,me,
2,meant,
2,meathi,
2,meatless,
2,media,
2,mediterranea,
2,meee,
2,mejina,
2,melagu,
2,melty,
2,memorable,
2,memories,
2,mendiants,
2,mention,
2,mere,
2,mermaid,
2,meze,
2,miam,
2,mian,
2,microgreens,
2,microwaved,
2,miguel,
2,mikes,
2,mikuni,
2,milanese,
2,mildly,
2,milks,
2,millefeuille,
2,mimmo,
2,mines,
2,miniature,
2,miniture,
2,minted,
2,mista,
2,mistake,
2,mitchell,
2,mixta,
2,mixture,
2,miyuki,
2,mizumi,
2,mo,
2,mocktail,
2,moelleux,
2,moji,
2,molecular,
2,molotof,
2,moly,
2,moment,
2,monica,
2,monthly,
2,moose,
2,morita,
2,moro,
2,morrissey,
2,motion,
2,moules,
2,moussaka,
2,moussakah,
2,mousseline,
2,mozz,
2,mto,
2,muang,
2,muddy,
2,muesli,
2,muffaletta,
2,muffalotza,
2,mules,
2,mulita,
2,mulled,
2,mumbai,
2,munchies,
2,murg,
2,murgh,
2,muscle,
2,mushy,
2,mylafooddiary,
2,myun,
2,naengmyeon,
2,nama,
2,names,
2,nancy,
2,napoletana,
2,napolitano,
2,nasi,
2,nasturtium,
2,nation,
2,naturales,
2,navratan,
2,ne,
2,nearby,
2,neat,
2,negra,
2,neige,
2,neilta,
2,neopolitan,
2,neow,
2,nero,
2,network,
2,news,
2,neza,
2,nian,
2,nickel,
2,niece,
2,nikkei,
2,niman,
2,nino,
2,nitrate,
2,nitta,
2,nobu,
2,nocciola,
2,nog,
2,noisette,
2,noods,
2,nope,
2,norcina,
2,norm,
2,normally,
2,norman,
2,northfallmenu,
2,notes,
2,noteworthy,
2,nougatine,
2,nutt,
2,nutter,
2,nye,
2,oaxacan,
2,ochazuke,
2,odd,
2,oden,
2,offerings,
2,official,
2,officially,
2,oggie,
2,ohhh,
2,ohitashi,
2,oils,
2,oink,
2,ojaldras,
2,ol,
2,omega,
2,omelets,
2,omelettes,
2,onolicious,
2,onsen,
2,oodle,
2,oooh,
2,opal,
2,opinion,
2,orangeville,
2,orchard,
2,ordinary,
2,orenji,
2,oretta,
2,oscietra,
2,otto,
2,oua,
2,ouppet,
2,outdoor,
2,outrageous,
2,outsides,
2,outta,
2,overpriced,
2,overtone,
2,overwhelmed,
2,ower,
2,oxtails,
2,ozisushi,
2,ozzie,
2,packaged,
2,padana,
2,paddle,
2,padron,
2,pai,
2,paint,
2,paisa,
2,pajeon,
2,palak,
2,paleta,
2,palette,
2,palmer,
2,pambazo,
2,panacotta,
2,panchetta,
2,pancho,
2,pancit,
2,pane,
2,pannacotta,
2,pans,
2,papas,
2,papri,
2,par,
2,para,
2,paris,
2,parlor,
2,partially,
2,passata,
2,pastel,
2,pasties,
2,paturi,
2,paul,
2,pay,
2,paz,
2,peace,
2,peche,
2,pecking,
2,ped,
2,pee,
2,peels,
2,peeps,
2,pelmeni,
2,penchant,
2,penguins,
2,penn,
2,pep,
2,peperoncino,
2,peperoni,
2,pepita,
2,peppercorns,
2,pepsi,
2,perfecto,
2,pescatore,
2,petals,
2,pete,
2,pewterose,
2,phat,
2,pheasant,
2,philadelphia,
2,philippe,
2,photogenic,
2,piada,
2,picadillo,
2,pincho,
2,ping,
2,pintxo,
2,pinup,
2,pipian,
2,piquant,
2,pistacchio,
2,pistache,
2,pitaya,
2,pitcher,
2,pithivier,
2,pizzazz,
2,pizzeria,
2,pizzette,
2,plantation,
2,plants,
2,plat,
2,platano,
2,plateau,
2,plays,
2,plymouth,
2,poboy,
2,pobre,
2,pogi,
2,polipo,
2,pollen,
2,polo,
2,polvorone,
2,polynesian,
2,pomo,
2,pong,
2,popeye,
2,popovers,
2,popped,
2,porch,
2,porkbelly,
2,porky,
2,portabello,
2,porto,
2,portrait,
2,posole,
2,postcard,
2,posted,
2,potatos,
2,potlucks,
2,pounds,
2,pourhouse,
2,powered,
2,pozole,
2,pp,
2,prafeuille,
2,praga,
2,prairie,
2,prefix,
2,prepare,
2,prepping,
2,prettiest,
2,prey,
2,primo,
2,prince,
2,pro,
2,produce,
2,profile,
2,provision,
2,pt,
2,puck,
2,pucks,
2,pugliese,
2,pulls,
2,pumkin,
2,puppy,
2,puttanesca,
2,pyramid,
2,qdg,
2,qeema,
2,qui,
2,quickly,
2,quot,
2,racks,
2,rad,
2,rae,
2,rafael,
2,rainy,
2,ramp,
2,ramsey,
2,rancher,
2,raptor,
2,rapture,
2,ras,
2,raspados,
2,read,
2,reasonably,
2,reasons,
2,rec,
2,recco,
2,receipt,
2,redfish,
2,refined,
2,regardless,
2,reindeer,
2,rellano,
2,rellanos,
2,remaining,
2,remeber,
2,reminded,
2,reminds,
2,remnants,
2,renditions,
2,renoir,
2,renovation,
2,repeat,
2,res,
2,resembling,
2,respectable,
2,responsibly,
2,restomontreal,
2,returning,
2,reve,
2,reveal,
2,reverse,
2,reward,
2,rewards,
2,rex,
2,rhs,
2,rhum,
2,ribbons,
2,richer,
2,rick,
2,ridge,
2,rikyu,
2,ripieno,
2,risen,
2,rivals,
2,riviera,
2,ro,
2,roasting,
2,rob,
2,robin,
2,rocco,
2,rockin,
2,rocoto,
2,rod,
2,rolatini,
2,rollatini,
2,rollo,
2,rosati,
2,rossini,
2,roulette,
2,rounded,
2,row,
2,rows,
2,royce,
2,running,
2,rural,
2,russet,
2,rustica,
2,rw,
2,sa,
2,saam,
2,sablefish,
2,sabyon,
2,saddle,
2,safiha,
2,saigon,
2,saimin,
2,saki,
2,saku,
2,salada,
2,salas,
2,sald,
2,saltfish,
2,saltimbocca,
2,salute,
2,sambar,
2,sammies,
2,sams,
2,sant,
2,sanuki,
2,sarada,
2,sarap,
2,sardines,
2,sarma,
2,saryo,
2,sata,
2,satays,
2,sate,
2,savories,
2,scallopini,
2,scenic,
2,schedule,
2,schmears,
2,schnapps,
2,schreiner,
2,schreiners,
2,scorpions,
2,scottsdaleaz,
2,scram,
2,scrambler,
2,scrape,
2,scrolls,
2,seasalt,
2,segment,
2,seizonal,
2,selfie,
2,sells,
2,send,
2,sensational,
2,senses,
2,sep,
2,separately,
2,serbian,
2,sergei,
2,serranos,
2,seta,
2,setup,
2,severed,
2,sex,
2,sexyfood,
2,sh,
2,sha,
2,shaanxi,
2,shackburger,
2,shakshouka,
2,shame,
2,shane,
2,sheet,
2,shelf,
2,shelly,
2,shi,
2,shift,
2,shima,
2,shine,
2,shioyaki,
2,ship,
2,shirmp,
2,shirt,
2,shouyu,
2,sieu,
2,silas,
2,silken,
2,silky,
2,silly,
2,silverware,
2,silvia,
2,sinatra,
2,sinners,
2,sippin,
2,sizes,
2,sizzle,
2,skewered,
2,skimpy,
2,slaskie,
2,slathered,
2,slide,
2,slideb,
2,sloane,
2,slushee,
2,slushy,
2,smallest,
2,smelling,
2,smelt,
2,smh,
2,smoking,
2,smother,
2,snappy,
2,snockered,
2,snooze,
2,snowball,
2,sockeye,
2,softserve,
2,soho,
2,solution,
2,somethin,
2,sonora,
2,sopa,
2,sora,
2,sorts,
2,sottosotto,
2,souce,
2,soupy,
2,sourcream,
2,southerner,
2,soysauce,
2,sp,
2,spaetzle,
2,spaniard,
2,spareribs,
2,sparkling,
2,spatzle,
2,spear,
2,speciality,
2,specialties,
2,specks,
2,spelled,
2,spelling,
2,spend,
2,spendy,
2,sperm,
2,sphere,
2,spicey,
2,spiderman,
2,spilled,
2,spinaci,
2,spinning,
2,spiny,
2,splash,
2,splits,
2,spooky,
2,spots,
2,spotted,
2,spreads,
2,sprouting,
2,spud,
2,squeal,
2,squids,
2,sr,
2,sri,
2,sriacha,
2,srirachaeggsbenedict,
2,stacks,
2,stamp,
2,standards,
2,starchy,
2,status,
2,stayed,
2,staying,
2,steal,
2,steeler,
2,stephanie,
2,stepped,
2,steroids,
2,sticker,
2,sting,
2,stingy,
2,stockandstable,
2,stones,
2,storm,
2,stracchino,
2,streak,
2,streetcorn,
2,striped,
2,stroganoff,
2,stronger,
2,stupid,
2,sua,
2,subpar,
2,subzi,
2,succulents,
2,suckling,
2,sucre,
2,sue,
2,suejacobscakes,
2,suggest,
2,suicide,
2,suite,
2,sukhothai,
2,suki,
2,sundaes,
2,sundubu,
2,superbowl,
2,superlative,
2,superstar,
2,supplementary,
2,supremacy,
2,surely,
2,surprising,
2,surrounding,
2,susan,
2,suyuk,
2,sweetcar,
2,sweeter,
2,sweetheart,
2,swirled,
2,swirls,
2,switch,
2,symphony,
2,syrups,
2,tableau,
2,tabouleh,
2,tabouli,
2,tag,
2,tagine,
2,tagliata,
2,tagliolini,
2,tailgaters,
2,tailgating,
2,tajin,
2,takesomehome,
2,takosen,
2,takowasa,
2,tall,
2,talyor,
2,tama,
2,tamal,
2,tame,
2,tangsuyuk,
2,tanmen,
2,tanzania,
2,tartelette,
2,tasteful,
2,tatin,
2,tawook,
2,taxes,
2,taylor,
2,tease,
2,teddy,
2,temperature,
2,temple,
2,temptations,
2,tempur,
2,terrific,
2,texaz,
2,thar,
2,thingy,
2,thinking,
2,thrillist,
2,throw,
2,thumb,
2,thur,
2,tides,
2,tierra,
2,tillamook,
2,timballe,
2,timers,
2,tinta,
2,tirimasu,
2,tlt,
2,tochio,
2,tocino,
2,tod,
2,todo,
2,tomaso,
2,tomatillos,
2,tomo,
2,tonarelli,
2,tonnarelli,
2,tonno,
2,topo,
2,toppers,
2,torikatsu,
2,tornado,
2,torrija,
2,tortoise,
2,tos,
2,tout,
2,towers,
2,towne,
2,townhall,
2,tracks,
2,travel,
2,treated,
2,tribe,
2,truck,
2,truffe,
2,trumbull,
2,truthfully,
2,tsuke,
2,tsunami,
2,tteokbokki,
2,tu,
2,tuile,
2,turducken,
2,turn,
2,turned,
2,turnips,
2,turnovers,
2,tutti,
2,twilight,
2,twins,
2,ty,
2,uber,
2,ufo,
2,uh,
2,ultra,
2,um,
2,ume,
2,ummm,
2,un,
2,una,
2,unbeatable,
2,unbeetable,
2,underneath,
2,understand,
2,understatement,
2,underwhelming,
2,unexpected,
2,unit,
2,unlike,
2,uot,
2,upcharge,
2,upscale,
2,urfa,
2,urth,
2,uses,
2,vacation,
2,vagabondo,
2,vancouver,
2,varuval,
2,veda,
2,vegans,
2,veggy,
2,veracruz,
2,verduras,
2,verts,
2,veterans,
2,vidalia,
2,vien,
2,viet,
2,villa,
2,ville,
2,violettes,
2,virgo,
2,visiting,
2,visits,
2,viva,
2,vongole,
2,waaaaay,
2,wadaa,
2,wafu,
2,waited,
2,waldorf,
2,wants,
2,warning,
2,washington,
2,waterfront,
2,waverrito,
2,waziri,
2,weck,
2,wee,
2,weekday,
2,weekdays,
2,weeks,
2,wellness,
2,wendy,
2,weren,
2,wheatbelt,
2,whitfield,
2,whoop,
2,wi,
2,wiener,
2,wilkinson,
2,willis,
2,wind,
2,windsor,
2,wink,
2,wise,
2,wiseguy,
2,wonders,
2,wonky,
2,woodfired,
2,woonson,
2,workshop,
2,worse,
2,writeup,
2,xao,
2,xeo,
2,xs,
2,xtra,
2,xv,
2,yama,
2,yamaguchi,
2,yards,
2,yaya,
2,yep,
2,yessss,
2,yesterday,
2,yi,
2,yobo,
2,yoga,
2,yuco,
2,yumi,
2,yummers,
2,yummies,
2,yumyum,
2,yusu,
2,yuumi,
2,zabas,
2,zachos,
2,zack,
2,zane,
2,zany,
2,zaru,
2,zeta,
2,zha,
2,zibo,
2,zil,
2,zoe,
2,zookz,
2,zuccotto,
